accelerometer_x,accelerometer_y,accelerometer_z,gyroscope_x,gyroscope_y,gyroscope_z,state
-1.1492168,3.4332852,10.757447,-0.24174993,-0.036651913,-0.3295618,UNKNOWN
-1.9297266,4.831499,7.266701,-0.24174993,-0.036651913,-0.3295618,UNKNOWN
-1.9297266,4.831499,7.266701,0.54137933,1.0396926,0.15363261,UNKNOWN
-3.1196449,4.9012303,7.252336,0.54137933,1.0396926,0.15363261,UNKNOWN
-3.1196449,4.9012303,7.252336,0.3239113,0.70371675,0.10903945,UNKNOWN
-4.1515455,5.303456,8.305785,0.3239113,0.70371675,0.10903945,SIT
-4.1515455,5.303456,8.305785,0.3098614,0.6957755,0.035124753,SIT
-3.5242648,5.332186,7.2714896,0.3098614,0.6957755,0.035124753,SIT
-3.5242648,5.332186,7.2714896,0.016035212,-0.0421497,0.07788532,SIT
-3.667917,5.2292356,7.3720465,0.016035212,-0.0421497,0.07788532,SIT
-3.667917,5.2292356,7.3720465,0.0013744468,-0.12095132,0.049785517,SIT
-3.4620156,5.2364182,7.0655885,0.0013744468,-0.12095132,0.049785517,SIT
-3.4620156,5.2364182,7.0655885,-0.030390546,0.018325957,0.005192355,SIT
-3.7493198,5.1406503,7.352893,-0.030390546,0.018325957,0.005192355,SIT
-3.7493198,5.1406503,7.352893,-0.01450805,0.08246681,-0.08582657,SIT
-3.8283286,5.1286793,7.522881,-0.01450805,0.08246681,-0.08582657,SIT
-3.8283286,5.1286793,7.522881,-0.05971208,0.06291912,-0.07727446,SIT
-3.5913026,5.219659,7.3121915,-0.05971208,0.06291912,-0.07727446,SIT
-3.5913026,5.219659,7.3121915,0.03863723,-0.045814894,0.070554934,SIT
-3.7205894,5.2172647,7.307403,0.03863723,-0.045814894,0.070554934,SIT
-3.7205894,5.2172647,7.307403,-0.0022907446,-0.020158553,0.010079277,SIT
-3.7660792,5.0831895,7.3337393,-0.0022907446,-0.020158553,0.010079277,SIT
-3.7660792,5.0831895,7.3337393,0.013591751,-0.10567969,0.008246681,SIT
-3.359065,5.3226094,7.51091,0.013591751,-0.10567969,0.008246681,SIT
-3.359065,5.3226094,7.51091,0.05085453,0.0061086523,0.04795292,SIT
-3.53863,5.1885343,7.472603,0.05085453,0.0061086523,0.04795292,SIT
-3.53863,5.1885343,7.472603,-0.017562376,-0.01282817,-0.03634648,SIT
-3.5913026,5.171775,7.4821796,-0.017562376,-0.01282817,-0.03634648,SIT
-3.5913026,5.171775,7.4821796,0.016646078,-0.069027774,0.020463986,SIT
-3.5913026,5.1526213,7.307403,0.016646078,-0.069027774,0.020463986,SIT
-3.5913026,5.1526213,7.307403,0.01786781,-0.009162978,-0.003970624,SIT
-3.6056678,5.0951605,7.3816233,0.01786781,-0.009162978,-0.003970624,SIT
-3.6056678,5.0951605,7.3816233,0.0038179078,-0.07819075,0.032070424,SIT
-3.502717,5.210082,7.3002205,0.0038179078,-0.07819075,0.032070424,SIT
-3.502717,5.210082,7.3002205,-0.0035124752,0.016493361,0.003970624,SIT
-3.5362358,5.1406503,7.343316,-0.0035124752,0.016493361,0.003970624,SIT
-3.5362358,5.1406503,7.343316,-0.0346666,0.018936822,-0.01985312,SIT
-3.7205894,5.0616417,7.4319015,-0.0346666,0.018936822,-0.01985312,SIT
-3.7205894,5.0616417,7.4319015,-0.030390546,0.040927973,-0.022907447,SIT
-3.4165258,5.2388124,7.498939,-0.030390546,0.040927973,-0.022907447,SIT
-3.4165258,5.2388124,7.498939,0.013591751,-0.007330383,0.01740966,SIT
-3.5625722,5.1645923,7.4175363,0.013591751,-0.007330383,0.01740966,SIT
-3.5625722,5.1645923,7.4175363,0.0062613687,0.035430185,-0.005192355,SIT
-3.655946,5.1909285,7.290643,0.0062613687,0.035430185,-0.005192355,SIT
-3.655946,5.1909285,7.290643,-0.0010690142,0.027488936,-0.024740042,SIT
-3.6583402,5.1454387,7.3744407,-0.0010690142,0.027488936,-0.024740042,SIT
-3.6583402,5.1454387,7.3744407,-0.0096211275,0.032986723,0.022907447,SIT
-3.7924154,5.1191025,7.4079595,-0.0096211275,0.032986723,0.022907447,SIT
-3.7924154,5.1191025,7.4079595,-0.030390546,0.043982297,-0.034513887,SIT
-3.9791632,4.8722005,7.4319015,-0.030390546,0.043982297,-0.034513887,SIT
-3.9791632,4.8722005,7.4319015,-0.07315111,0.099571034,-0.027794369,SIT
-3.9552212,5.123891,7.0057335,-0.07315111,0.099571034,-0.027794369,SIT
-3.9552212,5.123891,7.0057335,-0.038331795,0.062308256,0.10354166,SIT
-4.5178585,4.4005427,8.6457615,-0.038331795,0.062308256,0.10354166,SIT
-4.5178585,4.4005427,8.6457615,-0.7060075,-0.086132,0.29535335,SIT
-2.9616275,4.213795,12.56507,-0.7060075,-0.086132,0.29535335,SIT
-2.9616275,4.213795,12.56507,-0.6113234,-0.32620203,0.5885687,SIT
-3.2249897,2.8898015,8.583512,-0.6113234,-0.32620203,0.5885687,SIT
-3.2249897,2.8898015,8.583512,-0.17455475,0.064751714,0.10720685,SIT
-1.127669,2.7748797,9.471761,-0.17455475,0.064751714,0.10720685,SIT
-1.127669,2.7748797,9.471761,0.18524489,-0.93523467,0.71929383,SIT
-1.2856863,2.6743233,7.8868,0.18524489,-0.93523467,0.71929383,SIT
-1.2856863,2.6743233,7.8868,0.08384126,-0.07574729,0.60139686,SIT
-0.8810662,3.7972038,7.8341274,0.08384126,-0.07574729,0.60139686,SIT
-0.8810662,3.7972038,7.8341274,0.3129157,0.36651915,0.37782016,SIT
-0.62009823,4.879383,7.1613564,0.3129157,0.36651915,0.37782016,SIT
-0.62009823,4.879383,7.1613564,0.37888917,-0.084910266,0.19272798,SIT
-0.059855044,2.9233203,9.5052805,0.37888917,-0.084910266,0.19272798,UNKNOWN
-0.059855044,2.9233203,9.5052805,-0.4830417,-0.15821409,-0.17379116,UNKNOWN
-1.532289,3.6655228,5.5476646,-0.4830417,-0.15821409,-0.17379116,UNKNOWN
-1.532289,3.6655228,5.5476646,-0.024281893,-0.22418754,-0.13347405,UNKNOWN
0.30406362,3.7205894,9.455002,-0.024281893,-0.22418754,-0.13347405,STAND
0.30406362,3.7205894,9.455002,-0.23441954,-0.13439035,0.008857546,STAND
0.35673606,3.466804,8.755895,-0.23441954,-0.13439035,0.008857546,STAND
0.35673606,3.466804,8.755895,0.05085453,-0.26206118,-0.3051272,STAND
-0.521936,3.0550013,9.778219,0.05085453,-0.26206118,-0.3051272,STAND
-0.521936,3.0550013,9.778219,-0.3022256,-0.27488935,-0.52931476,STAND
0.31364042,2.966416,10.113407,-0.3022256,-0.27488935,-0.52931476,STAND
0.31364042,2.966416,10.113407,-0.15745051,-0.1826487,-0.22632557,STAND
0.04070143,2.918532,8.5476,-0.15745051,-0.1826487,-0.22632557,STAND
0.04070143,2.918532,8.5476,0.28115073,-0.106901415,-0.14569137,STAND
0.06464344,3.3901896,8.8205385,0.28115073,-0.106901415,-0.14569137,STAND
0.06464344,3.3901896,8.8205385,-0.039553523,-0.118507855,-0.11575896,STAND
-0.04309563,3.2034419,9.387964,-0.039553523,-0.118507855,-0.11575896,STAND
-0.04309563,3.2034419,9.387964,-0.12629639,-0.080634214,-0.183565,STAND
-0.24899697,3.1651347,9.253889,-0.12629639,-0.080634214,-0.183565,STAND
-0.24899697,3.1651347,9.253889,-0.026725354,0.023823744,-0.20799962,STAND
0.2657564,3.1890767,9.208399,-0.026725354,0.023823744,-0.20799962,STAND
0.2657564,3.1890767,9.208399,0.104610674,0.017104227,0.03023783,STAND
0.06703765,3.5170822,8.66731,0.104610674,0.017104227,0.03023783,STAND
0.06703765,3.5170822,8.66731,-0.049938235,0.08124508,-0.061391957,STAND
0.25857377,3.2920272,9.543588,-0.049938235,0.08124508,-0.061391957,STAND
0.25857377,3.2920272,9.543588,-0.107359566,-0.11362094,-0.0888809,STAND
-0.12449849,3.4763808,8.887576,-0.107359566,-0.11362094,-0.0888809,STAND
-0.12449849,3.4763808,8.887576,-0.04444045,0.1160644,-0.17989981,STAND
-0.30885202,3.3782187,9.285013,-0.04444045,0.1160644,-0.17989981,STAND
-0.30885202,3.3782187,9.285013,-0.045662176,-0.103847094,-0.14263703,STAND
-0.19153613,3.0334535,9.648932,-0.045662176,-0.103847094,-0.14263703,STAND
-0.19153613,3.0334535,9.648932,-0.021227567,-0.04886922,-0.004581489,STAND
0.011971008,3.0382419,8.911518,-0.021227567,-0.04886922,-0.004581489,STAND
0.011971008,3.0382419,8.911518,0.11255192,-0.06780604,0.082161374,STAND
0.011971008,3.0382419,8.911518,-0.024281893,0.08735373,0.08460484,STAND
-0.23223756,3.3542767,9.1629095,-0.024281893,0.08735373,0.08460484,STAND
-0.21308395,3.1914709,9.179668,-0.024281893,0.08735373,0.08460484,STAND
-0.21308395,3.1914709,9.179668,0.06429356,0.096516706,0.1695151,STAND
-0.4333505,3.157952,8.8444805,0.06429356,0.096516706,0.1695151,STAND
-0.4333505,3.157952,8.8444805,0.082619525,-0.005497787,0.15241088,STAND
-0.5602432,3.2345665,9.644144,0.082619525,-0.005497787,0.15241088,STAND
-0.5602432,3.2345665,9.644144,-0.082924955,0.10140363,0.15851954,STAND
-1.2880806,2.5498247,9.522039,-0.082924955,0.10140363,0.15851954,UNKNOWN
-1.2880806,2.5498247,9.522039,-0.1330159,0.043982297,0.40103304,UNKNOWN
-1.4341269,2.861071,10.407894,-0.1330159,0.043982297,0.40103304,WALK
-1.4341269,2.861071,10.407894,0.10338894,0.66889745,0.8885035,WALK
-0.7469909,2.7820623,9.988909,0.10338894,0.66889745,0.8885035,WALK
-0.7469909,2.7820623,9.988909,-0.12629639,-0.089186326,0.9117164,WALK
-0.48362875,3.0765493,8.743924,-0.12629639,-0.089186326,0.9117164,WALK
-0.48362875,3.0765493,8.743924,0.105832405,0.5589417,0.7254025,WALK
0.40222588,3.5170822,9.131784,0.105832405,0.5589417,0.7254025,WALK
0.40222588,3.5170822,9.131784,-0.07498371,0.46853364,0.7266242,WALK
-0.36631286,3.4691982,8.020875,-0.07498371,0.46853364,0.7266242,WALK
-0.36631286,3.4691982,8.020875,0.09789115,0.26511553,0.7498371,WALK
0.58657944,4.5441947,8.911518,0.09789115,0.26511553,0.7498371,WALK
0.58657944,4.5441947,8.911518,0.022143865,0.29993483,0.29718593,WALK
0.58657944,4.5441947,8.911518,-0.15439619,-0.052534413,-0.23304509,WALK
1.0845734,0.9504981,8.760683,-0.15439619,-0.052534413,-0.23304509,WALK
0.7685388,2.4971523,9.366416,-0.15439619,-0.052534413,-0.23304509,WALK
0.7685388,2.4971523,9.366416,-0.114689946,-0.39400807,-0.57757306,WALK
0.21787235,2.657564,10.355222,-0.114689946,-0.39400807,-0.57757306,WALK
0.21787235,2.657564,10.355222,-0.049938235,-0.5290093,-1.0998629,WALK
0.4357447,3.3518825,8.461408,-0.049938235,-0.5290093,-1.0998629,WALK
0.4357447,3.3518825,8.461408,0.26465738,-0.77213365,-1.1994339,WALK
1.2593501,2.135628,11.909059,0.26465738,-0.77213365,-1.1994339,WALK
1.2593501,2.135628,11.909059,-0.08536842,-0.15821409,-1.0705414,WALK
1.1180922,2.4588451,9.601048,-0.08536842,-0.15821409,-1.0705414,WALK
1.1180922,2.4588451,9.601048,0.45707992,-0.40439278,-0.8017606,WALK
0.28491,3.9863458,8.336909,0.45707992,-0.40439278,-0.8017606,WALK
0.28491,3.9863458,8.336909,-0.050549097,0.17898351,-1.3087788,WALK
1.0941502,4.8243165,12.119748,-0.050549097,0.17898351,-1.3087788,WALK
1.0941502,4.8243165,12.119748,-0.051159963,0.111177474,-0.636827,WALK
0.17717093,2.5809495,7.4438725,-0.051159963,0.111177474,-0.636827,WALK
0.17717093,2.5809495,7.4438725,0.21029036,-0.3408628,-0.591623,WALK
-0.62488663,3.1723173,7.5420346,0.21029036,-0.3408628,-0.591623,WALK
-0.62488663,3.1723173,7.5420346,0.28725937,-0.3903429,-1.2012665,WALK
-1.2186487,5.0496707,8.870816,0.28725937,-0.3903429,-1.2012665,WALK
-1.2186487,5.0496707,8.870816,-0.058490347,-0.79534656,-1.2385293,WALK
-0.038307227,3.1387985,11.525987,-0.058490347,-0.79534656,-1.2385293,WALK
-0.038307227,3.1387985,11.525987,-0.3559817,-0.8228355,-0.8897252,WALK
0.3184288,2.9257145,7.2451534,-0.3559817,-0.8228355,-0.8897252,WALK
0.3184288,2.9257145,7.2451534,0.23411411,-0.1337795,-0.68691796,WALK
-0.19393034,4.331111,7.4342957,0.23411411,-0.1337795,-0.68691796,WALK
-0.19393034,4.331111,7.4342957,0.2817616,-0.11056661,-0.2751948,WALK
-1.1971009,4.8123455,9.296985,0.2817616,-0.11056661,-0.2751948,WALK
-1.1971009,4.8123455,9.296985,-0.30650163,-0.07819075,0.08827003,WALK
-0.38067806,2.3942018,9.9099,-0.30650163,-0.07819075,0.08827003,WALK
-0.38067806,2.3942018,9.9099,0.06856962,-0.1441642,0.7425067,WALK
0.9792285,3.4524388,7.8221564,0.06856962,-0.1441642,0.7425067,WALK
0.9792285,3.4524388,7.8221564,0.8529206,0.052534413,1.2757921,WALK
1.8698715,4.721366,8.81575,0.8529206,0.052534413,1.2757921,WALK
1.8698715,4.721366,8.81575,0.5028948,-0.12705997,0.6930266,WALK
1.0079589,2.8658595,9.811738,0.5028948,-0.12705997,0.6930266,WALK
1.0079589,2.8658595,9.811738,-0.84406304,0.24129178,-0.54275376,WALK
-0.80924016,3.6415808,6.7830725,-0.84406304,0.24129178,-0.54275376,WALK
-0.80924016,3.6415808,6.7830725,0.23350324,-0.014049901,-0.26297748,WALK
-1.5753847,4.1802764,9.44303,0.23350324,-0.014049901,-0.26297748,WALK
-1.5753847,4.1802764,9.44303,-0.1330159,0.312763,0.22327125,WALK
-1.5969325,3.1387985,10.640132,-0.1330159,0.312763,0.22327125,WALK
-1.5969325,3.1387985,10.640132,-0.0010690142,0.30176744,0.97158116,WALK
-1.0941502,0.9840169,9.617807,-0.0010690142,0.30176744,0.97158116,WALK
-1.0941502,0.9840169,9.617807,0.16997325,0.5155703,1.6630806,WALK
-0.25857377,3.359065,8.24593,0.16997325,0.5155703,1.6630806,WALK
-0.25857377,3.359065,8.24593,0.26343563,0.6988298,1.5971072,WALK
-0.18914193,4.644751,8.459014,0.26343563,0.6988298,1.5971072,WALK
-0.18914193,4.644751,8.459014,0.023365596,0.028099801,0.9605856,WALK
0.107739076,1.9991584,10.601825,0.023365596,0.028099801,0.9605856,WALK
0.107739076,1.9991584,10.601825,-0.6272059,0.7312057,0.59650993,WALK
0.0023942017,2.9783869,6.962638,-0.6272059,0.7312057,0.59650993,WALK
0.0023942017,2.9783869,6.962638,0.4082107,-0.119729586,0.9477574,WALK
0.023942016,3.2632968,10.465355,0.4082107,-0.119729586,0.9477574,WALK
0.023942016,3.2632968,10.465355,-0.30833423,0.61086524,0.9324858,WALK
-0.35913026,1.8914193,10.881946,-0.30833423,0.61086524,0.9324858,WALK
-0.35913026,1.8914193,10.881946,-0.12935072,0.61391956,0.5195409,WALK
-0.79248077,0.9600749,8.305785,-0.12935072,0.61391956,0.5195409,WALK
-0.79248077,0.9600749,8.305785,-0.3914119,0.6432411,0.23060162,WALK
-0.35434186,3.301604,9.390358,-0.3914119,0.6432411,0.23060162,WALK
-0.35434186,3.301604,9.390358,0.089949906,0.18081611,-0.089491755,WALK
0.011971008,2.8921957,10.692804,0.089949906,0.18081611,-0.089491755,WALK
0.011971008,2.8921957,10.692804,0.18463401,-0.02321288,-0.61117065,WALK
0.2777274,1.5394717,8.482956,0.18463401,-0.02321288,-0.61117065,WALK
0.2777274,1.5394717,8.482956,0.26465738,-0.68294734,-1.1725558,WALK
-0.30885202,2.5881321,8.415918,0.26465738,-0.68294734,-1.1725558,WALK
-0.30885202,2.5881321,8.415918,0.19929479,-0.35918877,-1.2470814,WALK
-1.9201498,3.028665,10.2379055,0.19929479,-0.35918877,-1.2470814,WALK
-1.9201498,3.028665,10.2379055,-0.10064005,-0.15760323,-0.7021896,WALK
-0.62249243,2.2361844,8.93546,-0.10064005,-0.15760323,-0.7021896,WALK
-0.62249243,2.2361844,8.93546,0.036193766,-0.026267206,0.6966918,WALK
0.11492168,2.825158,8.672098,0.036193766,-0.026267206,0.6966918,WALK
0.11492168,2.825158,8.672098,0.25060746,0.08002335,0.46822822,WALK
0.51235914,4.2544966,8.806173,0.25060746,0.08002335,0.46822822,WALK
0.51235914,4.2544966,8.806173,0.22006421,-0.07452556,0.033292156,WALK
-0.20829555,3.6942532,8.921095,0.22006421,-0.07452556,0.033292156,WALK
-0.20829555,3.6942532,8.921095,-0.22403483,-0.23640485,-0.65270954,WALK
-0.60094464,1.5897499,8.863634,-0.22403483,-0.23640485,-0.65270954,WALK
-0.60094464,1.5897499,8.863634,-0.3022256,-0.65118235,-0.64843345,WALK
-0.62967503,1.970428,9.648932,-0.3022256,-0.65118235,-0.64843345,WALK
-0.62967503,1.970428,9.648932,0.02031127,-0.105068825,-0.4981606,WALK
-0.06943185,2.3104045,9.222764,0.02031127,-0.105068825,-0.4981606,WALK
-0.06943185,2.3104045,9.222764,-0.123242065,0.1142318,0.022296581,WALK
0.40462008,2.6791117,9.328109,-0.123242065,0.1142318,0.022296581,UNKNOWN
0.40462008,2.6791117,9.328109,0.1339322,0.30787608,0.68936145,UNKNOWN
0.5410896,2.743755,7.156568,0.1339322,0.30787608,0.68936145,STAND
0.5410896,2.743755,7.156568,0.06612616,0.049480084,0.4260785,STAND
0.19393034,3.0262709,9.627384,0.06612616,0.049480084,0.4260785,STAND
0.19393034,3.0262709,9.627384,-0.47448957,-0.099571034,0.013744468,STAND
0.5650316,3.0789435,9.481338,-0.47448957,-0.099571034,0.013744468,STAND
0.5650316,3.0789435,9.481338,-0.15317446,0.040927973,0.093767814,STAND
0.2705448,2.8083985,9.648932,-0.15317446,0.040927973,0.093767814,STAND
0.2705448,2.8083985,9.648932,0.016035212,-0.05009095,0.09254608,STAND
0.46926352,2.9712043,9.081507,0.016035212,-0.05009095,0.09254608,STAND
0.46926352,2.9712043,9.081507,-0.009010263,-0.08368854,-0.00580322,STAND
0.260968,2.9735985,9.478944,-0.009010263,-0.08368854,-0.00580322,STAND
0.260968,2.9735985,9.478944,-0.057268616,0.026267206,-0.20372356,STAND
0.059855044,2.705448,9.241918,-0.057268616,0.026267206,-0.20372356,STAND
0.059855044,2.705448,9.241918,-0.07192938,0.040317107,-0.12064589,STAND
0.110133275,2.6767175,9.466972,-0.07192938,0.040317107,-0.12064589,STAND
0.110133275,2.6767175,9.466972,-0.0010690142,0.06047566,-0.04917465,STAND
0.06464344,2.7581203,9.466972,-0.0010690142,0.06047566,-0.04917465,STAND
0.06464344,2.7581203,9.466972,-0.015118915,0.009773844,-0.009468411,STAND
0.0,2.681506,9.229947,-0.015118915,0.009773844,-0.009468411,STAND
0.0,2.681506,9.229947,0.00870483,-0.014660766,0.030848695,STAND
0.4261679,2.8538885,9.273043,0.00870483,-0.014660766,0.030848695,STAND
0.4261679,2.8538885,9.273043,0.0032070426,0.009773844,0.008246681,STAND
0.088585466,2.8419175,9.428665,0.0032070426,0.009773844,0.008246681,STAND
0.088585466,2.8419175,9.428665,-0.02367103,0.019547688,-0.060170226,STAND
0.04309563,2.7988217,9.318532,-0.02367103,0.019547688,-0.060170226,STAND
0.04309563,2.7988217,9.318532,-0.03772093,-0.015882496,-0.160963,STAND
0.059855044,2.7126305,9.392753,-0.03772093,-0.015882496,-0.160963,STAND
0.059855044,2.7126305,9.392753,0.0154243475,-0.08124508,-0.121256754,STAND
0.11252748,2.741361,9.507674,0.0154243475,-0.08124508,-0.121256754,STAND
0.11252748,2.741361,9.507674,-0.04505131,-0.018325957,-0.15485434,STAND
0.0047884034,2.633622,9.349657,-0.04505131,-0.018325957,-0.15485434,STAND
0.0047884034,2.633622,9.349657,0.02031127,-0.045814894,-0.03268129,STAND
0.076614454,2.60968,9.421483,0.02031127,-0.045814894,-0.03268129,STAND
0.076614454,2.60968,9.421483,0.03863723,-0.028099801,0.003970624,STAND
0.29209262,2.8538885,9.2347355,0.03863723,-0.028099801,0.003970624,STAND
0.29209262,2.8538885,9.2347355,0.012980887,0.016493361,0.024740042,STAND
0.20111294,2.777274,9.81892,0.012980887,0.016493361,0.024740042,STAND
0.20111294,2.777274,9.81892,-0.010231993,0.012217305,-0.032070424,STAND
-0.074220255,3.0621839,9.129391,-0.010231993,0.012217305,-0.032070424,UNKNOWN
-0.074220255,3.0621839,9.129391,-0.16233744,0.08307768,-0.17195857,UNKNOWN
-0.39025488,3.7972038,8.030452,-0.16233744,0.08307768,-0.17195857,WALK
-0.39025488,3.7972038,8.030452,-0.01450805,0.3848451,-0.036957346,WALK
-0.44532153,3.8402996,8.324939,-0.01450805,0.3848451,-0.036957346,WALK
-0.44532153,3.8402996,8.324939,-0.27779096,0.045814894,-0.2012801,WALK
-0.6488287,3.7948096,10.594642,-0.27779096,0.045814894,-0.2012801,WALK
-0.6488287,3.7948096,10.594642,-0.17394388,-0.013439035,-0.16768251,WALK
0.33758244,1.0630256,10.812514,-0.17394388,-0.013439035,-0.16768251,WALK
0.33758244,1.0630256,10.812514,-0.040775254,-0.61269784,-0.14080444,WALK
-0.17717093,0.85473,7.4175363,-0.040775254,-0.61269784,-0.14080444,WALK
-0.17717093,0.85473,7.4175363,0.23900102,-0.1459968,-0.58001655,WALK
-1.0821792,2.4492683,8.334516,0.23900102,-0.1459968,-0.58001655,WALK
-1.0821792,2.4492683,8.334516,-0.08597928,0.10751228,-0.6258314,WALK
-1.4891934,3.2561142,10.786178,-0.08597928,0.10751228,-0.6258314,WALK
-1.4891934,3.2561142,10.786178,-0.2667954,0.15454891,0.18295415,WALK
0.4141969,1.436521,10.288184,-0.2667954,0.15454891,0.18295415,WALK
0.4141969,1.436521,10.288184,-0.38041633,0.38362336,0.6227771,WALK
0.16998832,2.5019407,6.5436525,-0.38041633,0.38362336,0.6227771,WALK
0.16998832,2.5019407,6.5436525,0.6250679,0.070249505,0.70829827,WALK
0.6847417,2.8898015,11.008839,0.6250679,0.070249505,0.70829827,WALK
0.6847417,2.8898015,11.008839,0.22495113,-0.34880406,0.060170226,WALK
0.19153613,1.2090719,11.24347,0.22495113,-0.34880406,0.060170226,WALK
0.19153613,1.2090719,11.24347,-0.73655075,0.06536258,-0.6264423,WALK
-0.58418524,2.6384103,7.166145,-0.73655075,0.06536258,-0.6264423,WALK
-0.58418524,2.6384103,7.166145,0.44180828,0.16798794,-0.6160576,WALK
-1.9249382,3.107674,9.696816,0.44180828,0.16798794,-0.6160576,WALK
-1.9249382,3.107674,9.696816,-0.150731,-0.02565634,-0.46761733,WALK
-2.2697031,0.93613285,9.074324,-0.150731,-0.02565634,-0.46761733,WALK
-2.2697031,0.93613285,9.074324,-0.19226983,0.096516706,0.5109888,WALK
-0.31603462,1.6783354,8.233959,-0.19226983,0.096516706,0.5109888,WALK
-0.31603462,1.6783354,8.233959,0.12599096,-0.02321288,0.97524637,WALK
0.58657944,3.502717,9.577106,0.12599096,-0.02321288,0.97524637,WALK
0.58657944,3.502717,9.577106,0.44913867,-0.45142943,0.84391034,WALK
-0.45729253,0.90979666,11.11179,0.44913867,-0.45142943,0.84391034,WALK
-0.45729253,0.90979666,11.11179,-0.1385137,-0.17104226,-0.24098633,WALK
-0.6392518,2.1763294,9.012074,-0.1385137,-0.17104226,-0.24098633,WALK
-0.6392518,2.1763294,9.012074,-0.107359566,0.08674286,-0.8231409,WALK
-1.292869,3.2800562,9.059958,-0.107359566,0.08674286,-0.8231409,WALK
-1.292869,3.2800562,9.059958,0.05390886,0.18997909,-0.26358834,WALK
-0.7326257,2.516306,10.982503,0.05390886,0.18997909,-0.26358834,WALK
-0.7326257,2.516306,10.982503,0.034972034,-0.01282817,0.26847526,WALK
-0.80924016,1.6232687,9.05517,0.034972034,-0.01282817,0.26847526,WALK
-0.80924016,1.6232687,9.05517,-0.08659015,0.13500121,0.6001751,WALK
0.18914193,2.4301147,8.6697035,-0.08659015,0.13500121,0.6001751,WALK
0.18914193,2.4301147,8.6697035,0.36300668,-0.08002335,0.84513205,WALK
1.1755531,3.7708676,10.04637,0.36300668,-0.08002335,0.84513205,WALK
1.1755531,3.7708676,10.04637,0.17486018,-0.13805555,0.27152961,WALK
0.641646,2.5306711,9.885958,0.17486018,-0.13805555,0.27152961,WALK
0.641646,2.5306711,9.885958,-0.2930626,0.1337795,-0.31429017,WALK
-0.21308395,2.789245,7.472603,-0.2930626,0.1337795,-0.31429017,WALK
-0.21308395,2.789245,7.472603,-0.10308351,0.009773844,-0.77304995,WALK
-0.58897364,3.6655228,9.395146,-0.10308351,0.009773844,-0.77304995,WALK
-0.58897364,3.6655228,9.395146,0.11010846,0.10751228,-0.473726,WALK
-1.4437037,2.6168625,10.989685,0.11010846,0.10751228,-0.473726,WALK
-1.4437037,2.6168625,10.989685,0.078343466,0.092240654,-0.14874569,WALK
-0.59136784,1.9847932,9.002498,0.078343466,0.092240654,-0.14874569,WALK
-0.59136784,1.9847932,9.002498,0.0954477,-0.044593163,0.30695978,WALK
-0.09816227,3.7445314,8.272266,0.0954477,-0.044593163,0.30695978,WALK
-0.09816227,3.7445314,8.272266,0.20723604,-0.08368854,0.094989546,WALK
-0.062249243,4.050989,10.575488,0.20723604,-0.08368854,0.094989546,WALK
-0.062249243,4.050989,10.575488,0.22495113,-0.27122417,-0.14569137,WALK
-0.0023942017,2.3080103,8.69604,0.22495113,-0.27122417,-0.14569137,WALK
-0.0023942017,2.3080103,8.69604,-0.31749722,-0.26511553,-0.33078352,WALK
-0.48362875,2.779668,7.2212114,-0.31749722,-0.26511553,-0.33078352,WALK
-0.48362875,2.779668,7.2212114,0.18402316,-0.24007004,-0.64843345,WALK
-0.6775591,4.1012673,8.619426,0.18402316,-0.24007004,-0.64843345,WALK
-0.6775591,4.1012673,8.619426,0.010537425,0.034208454,-0.2837469,WALK
-1.9201498,2.9472623,10.494085,0.010537425,0.034208454,-0.2837469,WALK
-1.9201498,2.9472623,10.494085,-0.0010690142,0.19425514,0.2049453,WALK
-0.61770403,2.6192567,8.8684225,-0.0010690142,0.19425514,0.2049453,WALK
-0.61770403,2.6192567,8.8684225,0.08933904,-0.017104227,0.7272351,WALK
-0.9816227,3.8953662,8.767866,0.08933904,-0.017104227,0.7272351,WALK
-0.9816227,3.8953662,8.767866,-0.05177083,0.095294975,0.18906279,WALK
-0.18195933,3.9624038,10.295366,-0.05177083,0.095294975,0.18906279,WALK
-0.18195933,3.9624038,10.295366,0.04718934,-0.09590584,0.0870483,WALK
0.11971009,1.9776106,9.045593,0.04718934,-0.09590584,0.0870483,WALK
0.11971009,1.9776106,9.045593,-0.2582433,0.008552114,-0.12370021,WALK
-0.50278234,3.1364043,7.496545,-0.2582433,0.008552114,-0.12370021,WALK
-0.50278234,3.1364043,7.496545,0.16081028,-0.025045475,-0.2171626,WALK
-0.7326257,3.2465374,10.439018,0.16081028,-0.025045475,-0.2171626,WALK
-0.7326257,3.2465374,10.439018,-0.3303254,-0.036651913,-0.042455133,WALK
0.21787235,1.9440918,12.344803,-0.3303254,-0.036651913,-0.042455133,WALK
0.21787235,1.9440918,12.344803,-0.076816306,0.2706133,0.7987063,WALK
-0.7062895,1.2761095,8.557177,-0.076816306,0.2706133,0.7987063,WALK
-0.7062895,1.2761095,8.557177,1.5271631E-4,0.5748242,0.6942484,WALK
-1.5610195,3.8905778,8.873211,1.5271631E-4,0.5748242,0.6942484,WALK
-1.5610195,3.8905778,8.873211,0.08323039,0.42577308,0.5103779,WALK
0.24181437,3.3614593,10.561123,0.08323039,0.42577308,0.5103779,WALK
0.24181437,3.3614593,10.561123,0.48701233,0.0067195175,1.1511755,WALK
-2.3774424,4.661511,9.500492,0.48701233,0.0067195175,1.1511755,WALK
-2.3774424,4.661511,9.500492,0.071013086,1.5864171,0.6899723,WALK
0.7422025,4.3837833,7.7814546,0.071013086,1.5864171,0.6899723,WALK
0.7422025,4.3837833,7.7814546,0.22434026,0.89369583,0.64476824,WALK
-0.7541735,4.3143516,6.182128,0.22434026,0.89369583,0.64476824,WALK
-0.7541735,4.3143516,6.182128,0.37216964,-0.084910266,0.46211955,WALK
1.0941502,6.799832,8.401553,0.37216964,-0.084910266,0.46211955,WALK
1.0941502,6.799832,8.401553,-0.21548271,-0.46181414,0.36377025,WALK
0.20590134,4.7524905,9.251494,-0.21548271,-0.46181414,0.36377025,WALK
0.20590134,4.7524905,9.251494,-0.07009678,-0.19608775,0.038789943,WALK
0.6799533,4.3718123,8.205229,-0.07009678,-0.19608775,0.038789943,WALK
0.6799533,4.3718123,8.205229,-0.06154467,-0.20586158,0.2770274,WALK
0.89543146,5.360917,8.289025,-0.06154467,-0.20586158,0.2770274,WALK
0.89543146,5.360917,8.289025,-0.2564107,-0.039095376,0.37782016,WALK
2.2218192,3.5625722,10.338462,-0.2564107,-0.039095376,0.37782016,WALK
2.2218192,3.5625722,10.338462,-0.19165897,-0.7330383,0.26419923,WALK
1.4700398,2.9640217,8.480561,-0.19165897,-0.7330383,0.26419923,WALK
1.4700398,2.9640217,8.480561,-0.12018774,0.07391469,-0.17012598,WALK
0.61530983,3.9839516,7.939472,-0.12018774,0.07391469,-0.17012598,WALK
0.61530983,3.9839516,7.939472,0.0062613687,0.37507126,-0.4596761,WALK
0.6368576,4.970662,10.537181,0.0062613687,0.37507126,-0.4596761,WALK
0.6368576,4.970662,10.537181,0.034972034,0.39828414,0.33628133,WALK
-0.20111294,2.4133554,8.389582,0.034972034,0.39828414,0.33628133,WALK
-0.20111294,2.4133554,8.389582,-0.11102476,0.26511553,0.48716503,WALK
0.34476504,3.7110126,7.367258,-0.11102476,0.26511553,0.48716503,WALK
0.34476504,3.7110126,7.367258,0.03680463,0.32803464,0.70524395,WALK
0.9816227,4.9539027,9.308955,0.03680463,0.32803464,0.70524395,WALK
0.9816227,4.9539027,9.308955,0.053297993,-0.032375857,0.21594086,WALK
1.6208745,3.7421372,10.953772,0.053297993,-0.032375857,0.21594086,WALK
1.6208745,3.7421372,10.953772,-0.12629639,0.052534413,-0.07422013,WALK
0.260968,2.9137435,8.50211,-0.12629639,0.052534413,-0.07422013,WALK
0.260968,2.9137435,8.50211,0.18219055,-0.0036651916,-0.13164146,WALK
0.51475334,3.8666358,8.202834,0.18219055,-0.0036651916,-0.13164146,WALK
0.51475334,3.8666358,8.202834,0.13576481,0.10323623,0.64904433,WALK
0.8882488,3.70383,8.937854,0.13576481,0.10323623,0.64904433,WALK
0.8882488,3.70383,8.937854,0.22739458,0.44104472,0.33017266,WALK
1.2162545,3.5098996,10.168474,0.22739458,0.44104472,0.33017266,WALK
1.2162545,3.5098996,10.168474,-0.29428434,0.54000485,0.6062838,WALK
0.021547815,3.0190883,8.174104,-0.29428434,0.54000485,0.6062838,WALK
0.021547815,3.0190883,8.174104,-0.21365012,0.6646214,0.43890667,WALK
0.20590134,3.6008794,9.447819,-0.21365012,0.6646214,0.43890667,WALK
0.20590134,3.6008794,9.447819,-0.12690726,0.087964594,-0.20189096,WALK
0.021547815,3.442862,10.369587,-0.12690726,0.087964594,-0.20189096,WALK
0.021547815,3.442862,10.369587,0.120493166,-0.03970624,-0.3399465,WALK
1.4556746,2.9855695,8.2315645,0.120493166,-0.03970624,-0.3399465,WALK
1.4556746,2.9855695,8.2315645,-0.15195273,-0.593761,-0.42180246,WALK
0.5506664,4.3143516,7.5994954,-0.15195273,-0.593761,-0.42180246,WALK
0.5506664,4.3143516,7.5994954,0.065515295,-0.027488936,-0.5696318,WALK
0.78050977,5.0975547,9.0839,0.065515295,-0.027488936,-0.5696318,WALK
0.78050977,5.0975547,9.0839,-0.107359566,-0.028710667,-0.3417791,WALK
0.8762778,4.663905,9.952995,-0.107359566,-0.028710667,-0.3417791,WALK
0.8762778,4.663905,9.952995,0.38866302,0.10995574,-0.36193767,WALK
-0.7015011,4.0438066,7.460632,0.38866302,0.10995574,-0.36193767,WALK
-0.7015011,4.0438066,7.460632,-0.02611449,0.2669481,-0.25381452,WALK
-0.81642276,3.5649664,7.9442606,-0.02611449,0.2669481,-0.25381452,WALK
-0.81642276,3.5649664,7.9442606,-0.03894266,-0.33108896,-0.47861293,WALK
-0.10055647,4.4580035,8.8444805,-0.03894266,-0.33108896,-0.47861293,WALK
-0.10055647,4.4580035,8.8444805,-0.06704246,-0.15271631,-0.6960809,WALK
0.6799533,2.2649148,10.242694,-0.06704246,-0.15271631,-0.6960809,WALK
0.6799533,2.2649148,10.242694,-0.15928312,-0.7049385,-1.1432343,WALK
0.4309563,3.2752678,7.1469913,-0.15928312,-0.7049385,-1.1432343,WALK
0.4309563,3.2752678,7.1469913,-0.016340645,-0.7189884,-1.5109752,WALK
-0.107739076,4.9730563,10.032004,-0.016340645,-0.7189884,-1.5109752,WALK
-0.107739076,4.9730563,10.032004,-0.06582073,-0.6072,-1.6618589,WALK
-1.6496049,3.1028855,10.759842,-0.06582073,-0.6072,-1.6618589,WALK
-1.6496049,3.1028855,10.759842,0.22434026,-0.2180789,-0.50671273,WALK
0.05267244,2.1978772,8.286632,0.22434026,-0.2180789,-0.50671273,WALK
0.05267244,2.1978772,8.286632,0.19685133,-0.09468412,0.35643986,WALK
0.33518824,4.367024,8.238748,0.19685133,-0.09468412,0.35643986,WALK
0.33518824,4.367024,8.238748,0.09850202,0.44715336,0.9117164,WALK
0.1340753,4.8362875,9.143756,0.09850202,0.44715336,0.9117164,WALK
0.1340753,4.8362875,9.143756,-0.068264194,-0.010995574,0.5519168,WALK
1.0055647,3.2393548,8.901941,-0.068264194,-0.010995574,0.5519168,WALK
1.0055647,3.2393548,8.901941,0.14920384,-0.48380527,0.028405234,WALK
-0.37588966,4.3742065,7.4199305,0.14920384,-0.48380527,0.028405234,WALK
-0.37588966,4.3742065,7.4199305,0.40454552,0.19608775,-0.0070249503,WALK
-0.05267244,5.576395,10.292973,0.40454552,0.19608775,-0.0070249503,WALK
-0.05267244,5.576395,10.292973,0.013591751,0.0012217305,0.3436117,WALK
-0.5722142,2.6743233,8.715194,0.013591751,0.0012217305,0.3436117,WALK
-0.5722142,2.6743233,8.715194,-0.26435193,0.852157,1.2745703,WALK
-0.31603462,3.8283286,7.774272,-0.26435193,0.852157,1.2745703,WALK
-0.31603462,3.8283286,7.774272,0.17608191,0.12339478,1.4712689,WALK
-0.31603462,3.8283286,7.774272,0.11560625,0.50518554,0.8017606,WALK
0.7278373,4.6950297,10.474932,0.11560625,0.50518554,0.8017606,WALK
-0.49559975,2.4851813,9.253889,0.11560625,0.50518554,0.8017606,WALK
-0.49559975,2.4851813,9.253889,-0.47510046,0.1704314,0.0106901415,WALK
0.4285621,2.6072857,8.827721,-0.47510046,0.1704314,0.0106901415,WALK
0.4285621,2.6072857,8.827721,0.21273382,-0.031154128,0.46578476,WALK
0.31364042,3.3686419,8.3512745,0.21273382,-0.031154128,0.46578476,WALK
0.31364042,3.3686419,8.3512745,-0.02611449,0.3304781,0.72356987,WALK
0.5530606,4.477157,10.872369,-0.02611449,0.3304781,0.72356987,WALK
0.5530606,4.477157,10.872369,-0.088422745,0.6762278,0.7852673,WALK
0.5626374,2.492364,8.708011,-0.088422745,0.6762278,0.7852673,WALK
0.5626374,2.492364,8.708011,0.066737026,0.18142697,0.08277224,WALK
0.1388637,3.0789435,7.910742,0.066737026,0.18142697,0.08277224,WALK
0.1388637,3.0789435,7.910742,0.18768835,-0.24007004,0.071776666,WALK
0.5770026,4.5082817,9.392753,0.18768835,-0.24007004,0.071776666,WALK
0.5770026,4.5082817,9.392753,0.20479257,-0.25961772,-0.34116822,WALK
0.12449849,3.6224272,10.04637,0.20479257,-0.25961772,-0.34116822,WALK
0.12449849,3.6224272,10.04637,-0.046883907,-0.28588495,-0.70096785,WALK
1.1875241,2.825158,9.361628,-0.046883907,-0.28588495,-0.70096785,WALK
1.1875241,2.825158,9.361628,-0.17272215,0.18203785,-0.600786,WALK
-0.12928689,3.169923,9.330503,-0.17272215,0.18203785,-0.600786,WALK
-0.12928689,3.169923,9.330503,-0.07498371,-0.19914207,-0.33322698,WALK
0.11252748,2.779668,9.0432,-0.07498371,-0.19914207,-0.33322698,UNKNOWN
0.11252748,2.779668,9.0432,0.10338894,-0.4642576,-0.10048734,UNKNOWN
0.093373865,3.5122938,9.347262,0.10338894,-0.4642576,-0.10048734,STAND
0.093373865,3.5122938,9.347262,0.3941608,0.13927728,0.2837469,STAND
0.45250413,4.0222588,8.638579,0.3941608,0.13927728,0.2837469,STAND
0.45250413,4.0222588,8.638579,-0.043218717,-0.204029,-0.076052725,STAND
0.37588966,3.3686419,9.761459,-0.043218717,-0.204029,-0.076052725,STAND
0.37588966,3.3686419,9.761459,-0.0627664,-0.15027285,-0.14019357,STAND
0.06464344,3.572149,9.076718,-0.0627664,-0.15027285,-0.14019357,STAND
0.06464344,3.572149,9.076718,0.041691553,0.084910266,-0.16646078,STAND
-0.076614454,3.751714,9.098266,0.041691553,0.084910266,-0.16646078,STAND
-0.076614454,3.751714,9.098266,-0.02733622,-0.04337143,-0.29168814,STAND
-0.38307226,3.7541082,8.904335,-0.02733622,-0.04337143,-0.29168814,STAND
-0.38307226,3.7541082,8.904335,-0.023060163,-0.077579886,-0.24220806,STAND
-0.107739076,3.6990416,8.801385,-0.023060163,-0.077579886,-0.24220806,STAND
-0.107739076,3.6990416,8.801385,0.04046982,-0.13744467,3.0543262E-4,STAND
0.1436521,3.8546648,9.17488,0.04046982,-0.13744467,3.0543262E-4,STAND
0.1436521,3.8546648,9.17488,-0.038331795,-0.017715093,0.01985312,STAND
0.18914193,3.6822822,8.877999,-0.038331795,-0.017715093,0.01985312,STAND
0.18914193,3.6822822,8.877999,-0.0627664,0.08857546,0.0711658,STAND
0.17717093,3.6750996,9.112631,-0.0627664,0.08857546,0.0711658,STAND
0.17717093,3.6750996,9.112631,1.5271631E-4,0.077579886,0.043066,STAND
-0.15801731,3.6511576,8.921095,1.5271631E-4,0.077579886,0.043066,STAND
-0.15801731,3.6511576,8.921095,-0.03283401,0.017104227,0.006414085,STAND
-0.08140286,3.6511576,8.997709,-0.03283401,0.017104227,0.006414085,STAND
-0.08140286,3.6511576,8.997709,-0.053603426,-0.009773844,-0.02107485,STAND
0.2681506,3.7062242,9.074324,-0.053603426,-0.009773844,-0.02107485,STAND
0.2681506,3.7062242,9.074324,0.013591751,-0.05681047,0.11453723,STAND
0.39504328,3.6607344,8.700829,0.013591751,-0.05681047,0.11453723,STAND
0.39504328,3.6607344,8.700829,0.04230242,-0.029321533,0.062002823,STAND
0.7541735,3.5170822,9.217976,0.04230242,-0.029321533,0.062002823,STAND
0.7541735,3.5170822,9.217976,-0.038331795,-0.07574729,0.005192355,STAND
0.1412579,3.4380736,8.93546,-0.038331795,-0.07574729,0.005192355,STAND
0.1412579,3.4380736,8.93546,-0.069485925,-0.029321533,-0.0870483,STAND
0.08379706,3.2920272,8.866028,-0.069485925,-0.029321533,-0.0870483,STAND
0.08379706,3.2920272,8.866028,-0.09392053,-0.17959438,-0.046731193,STAND
0.45250413,3.3303347,9.586683,-0.09392053,-0.17959438,-0.046731193,STAND
0.45250413,3.3303347,9.586683,0.006872234,0.048258353,-0.0888809,STAND
0.38067806,3.6343982,9.189245,0.006872234,0.048258353,-0.0888809,STAND
0.38067806,3.6343982,9.189245,0.08384126,-0.01038471,0.006414085,STAND
0.22505496,3.6894648,9.10066,0.08384126,-0.01038471,0.006414085,STAND
0.22505496,3.6894648,9.10066,0.0013744468,0.13072516,0.03145956,STAND
0.5722142,3.430891,9.5052805,0.0013744468,0.13072516,0.03145956,STAND
0.5722142,3.430891,9.5052805,0.008093964,0.028710667,0.010079277,STAND
0.055066638,3.466804,8.856451,0.008093964,0.028710667,0.010079277,STAND
0.055066638,3.466804,8.856451,0.04352415,0.03604105,-0.058948494,STAND
0.16759412,3.5936968,8.837297,0.04352415,0.03604105,-0.058948494,STAND
0.16759412,3.5936968,8.837297,0.001985312,0.021991149,-0.083383106,STAND
-0.1316811,3.6008794,9.366416,0.001985312,0.021991149,-0.083383106,STAND
-0.1316811,3.6008794,9.366416,-0.0065668016,-0.035430185,-0.06688975,STAND
0.19632454,3.5793316,9.014469,-0.0065668016,-0.035430185,-0.06688975,STAND
0.19632454,3.5793316,9.014469,-0.0053450707,-0.05131268,0.015577064,STAND
0.011971008,3.4715924,9.158121,-0.0053450707,-0.05131268,0.015577064,STAND
0.011971008,3.4715924,9.158121,-0.010231993,-0.07941248,-0.056505036,STAND
0.36152446,3.335123,9.725547,-0.010231993,-0.07941248,-0.056505036,STAND
0.36152446,3.335123,9.725547,0.014813482,-0.037873644,-0.09193522,STAND
0.89303726,3.5242648,8.8205385,0.014813482,-0.037873644,-0.09193522,STAND
0.89303726,3.5242648,8.8205385,0.016646078,-0.052534413,-0.13775012,STAND
0.6512229,3.4404678,8.794202,0.016646078,-0.052534413,-0.13775012,STAND
0.6512229,3.4404678,8.794202,-0.053603426,-0.2742785,-0.5311473,STAND
0.59615624,3.157952,9.9194765,-0.053603426,-0.2742785,-0.5311473,STAND
0.59615624,3.157952,9.9194765,-0.15500705,-0.33658674,-0.63499445,STAND
-0.90979666,2.6001031,9.684845,-0.15500705,-0.33658674,-0.63499445,UNKNOWN
-0.90979666,2.6001031,9.684845,0.34406984,-0.22968534,-0.6844745,UNKNOWN
-0.80684596,3.8666358,8.499715,0.34406984,-0.22968534,-0.6844745,UNKNOWN
-0.80684596,3.8666358,8.499715,0.24266621,-0.17470746,-0.81092364,UNKNOWN
-0.48841715,3.110068,8.233959,0.24266621,-0.17470746,-0.81092364,WALK
-0.48841715,3.110068,8.233959,-0.012675454,-0.17348573,-1.1078042,WALK
1.0031705,4.158728,9.751883,-0.012675454,-0.17348573,-1.1078042,WALK
1.0031705,4.158728,9.751883,-0.30711251,-0.2773328,-0.84757555,WALK
0.7541735,3.6511576,9.98412,-0.30711251,-0.2773328,-0.84757555,WALK
0.7541735,3.6511576,9.98412,-0.31566462,-0.39522982,-1.1505647,WALK
0.7110779,2.906561,8.593089,-0.31566462,-0.39522982,-1.1505647,WALK
0.7110779,2.906561,8.593089,0.36728272,-0.48075095,-1.738828,WALK
-0.1316811,2.9281087,9.526828,0.36728272,-0.48075095,-1.738828,WALK
-0.1316811,2.9281087,9.526828,0.15958855,-0.41233405,-1.6942347,WALK
-0.5602432,2.3319526,9.02644,0.15958855,-0.41233405,-1.6942347,WALK
-0.5602432,2.3319526,9.02644,0.22617286,-0.95111716,-1.3979651,WALK
-1.9369092,2.9017725,8.858846,0.22617286,-0.95111716,-1.3979651,WALK
-1.9369092,2.9017725,8.858846,0.22617286,-1.0574077,-1.9068159,WALK
-1.9393034,3.7349546,8.169315,0.22617286,-1.0574077,-1.9068159,WALK
-1.9393034,3.7349546,8.169315,-0.022449298,-0.63163465,-1.3790283,WALK
0.8714894,3.7229836,11.863568,-0.022449298,-0.63163465,-1.3790283,WALK
0.8714894,3.7229836,11.863568,-0.41401392,-0.3304781,-0.636827,WALK
0.89782566,2.707842,9.07193,-0.41401392,-0.3304781,-0.636827,WALK
0.89782566,2.707842,9.07193,0.29947668,0.11789699,-0.6563747,WALK
-0.49320555,3.5098996,7.1733274,0.29947668,0.11789699,-0.6563747,WALK
-0.49320555,3.5098996,7.1733274,0.22861631,0.119729586,-0.8848383,WALK
-1.5275006,4.6495395,9.83568,0.22861631,0.119729586,-0.8848383,WALK
-1.5275006,4.6495395,9.83568,-0.22586742,0.18875736,-0.57451874,WALK
-1.4197617,2.8754363,9.610625,-0.22586742,0.18875736,-0.57451874,WALK
-1.4197617,2.8754363,9.610625,-0.1085813,0.045814894,0.03023783,WALK
-1.5945383,2.1140802,7.7431474,-0.1085813,0.045814894,0.03023783,WALK
-1.5945383,2.1140802,7.7431474,0.2835942,-0.11911872,0.076052725,WALK
-0.7733272,3.763685,10.099042,0.2835942,-0.11911872,0.076052725,WALK
-0.7733272,3.763685,10.099042,0.23839016,-0.04520403,0.024740042,WALK
-0.016759412,3.2800562,10.012851,0.23839016,-0.04520403,0.024740042,WALK
-0.016759412,3.2800562,10.012851,0.11804971,-0.45570546,0.09865474,WALK
-0.8882488,2.72939,9.296985,0.11804971,-0.45570546,0.09865474,WALK
-0.8882488,2.72939,9.296985,-0.016340645,-0.11301007,-0.5006041,WALK
-1.5921441,4.0916905,8.188469,-0.016340645,-0.11301007,-0.5006041,WALK
-1.5921441,4.0916905,8.188469,0.13209961,0.21685717,-0.46700647,WALK
-2.4875755,4.8506527,9.79019,0.13209961,0.21685717,-0.46700647,WALK
-2.4875755,4.8506527,9.79019,0.05207626,0.5723807,0.124311075,WALK
-1.8339585,2.6168625,7.228394,0.05207626,0.5723807,0.124311075,WALK
-1.8339585,2.6168625,7.228394,-0.19960022,0.34330627,1.1756102,WALK
-1.6759412,2.5713725,8.260295,-0.19960022,0.34330627,1.1756102,WALK
-1.6759412,2.5713725,8.260295,0.13209961,-0.14355333,0.95203346,WALK
-0.32800564,4.3406878,8.571542,0.13209961,-0.14355333,0.95203346,WALK
-0.32800564,4.3406878,8.571542,0.33551773,0.025045475,0.46395215,WALK
0.21547815,4.5777135,9.423877,0.33551773,0.025045475,0.46395215,WALK
0.21547815,4.5777135,9.423877,-0.11407909,0.004886922,-0.31429017,WALK
0.007182605,3.7181952,9.622596,-0.11407909,0.004886922,-0.31429017,WALK
0.007182605,3.7181952,9.622596,-0.17760907,-0.35185838,-0.42546764,WALK
-0.14844051,3.0909145,9.007286,-0.17760907,-0.35185838,-0.42546764,WALK
-0.14844051,3.0909145,9.007286,-0.182496,-0.070249505,-0.34483343,WALK
-0.074220255,2.8419175,9.964967,-0.182496,-0.070249505,-0.34483343,WALK
-0.074220255,2.8419175,9.964967,-0.20815234,-0.1142318,-0.11636983,WALK
-0.47644615,1.1563994,9.847651,-0.20815234,-0.1142318,-0.11636983,WALK
-0.47644615,1.1563994,9.847651,-0.32727104,-0.0421497,-0.34605515,WALK
-0.79726917,1.1133038,10.228329,-0.32727104,-0.0421497,-0.34605515,WALK
-0.79726917,1.1133038,10.228329,-0.14889841,-0.09896017,-0.5305365,WALK
-0.6775591,1.532289,9.232341,-0.14889841,-0.09896017,-0.5305365,WALK
-0.6775591,1.532289,9.232341,0.16264287,-0.07147124,-0.61850107,WALK
-0.93134445,1.946486,9.93863,0.16264287,-0.07147124,-0.61850107,WALK
-0.93134445,1.946486,9.93863,0.1919644,-0.5479461,-1.4223998,WALK
-0.17238252,1.328782,7.994539,0.1919644,-0.5479461,-1.4223998,WALK
-0.17238252,1.328782,7.994539,-0.1049161,-0.41783184,-1.3729197,WALK
0.011971008,1.0654198,7.3816233,-0.1049161,-0.41783184,-1.3729197,WALK
0.011971008,1.0654198,7.3816233,-0.118966006,-0.49113566,-0.88056225,WALK
-0.46208093,-0.5386954,8.037635,-0.118966006,-0.49113566,-0.88056225,WALK
-0.46208093,-0.5386954,8.037635,-0.37003163,0.20463985,-0.43157628,WALK
-0.30645782,0.9696517,11.645697,-0.37003163,0.20463985,-0.43157628,WALK
-0.30645782,0.9696517,11.645697,0.011759156,-0.29749137,-0.22143865,WALK
-1.2665327,0.89543146,11.612178,0.011759156,-0.29749137,-0.22143865,WALK
-1.2665327,0.89543146,11.612178,0.09239337,-0.008552114,-0.4297437,WALK
-1.3862427,2.7222073,9.917083,0.09239337,-0.008552114,-0.4297437,WALK
-1.3862427,2.7222073,9.917083,0.08689558,-0.19303341,-0.35521814,WALK
-1.1540052,3.181894,8.722376,0.08689558,-0.19303341,-0.35521814,UNKNOWN
-1.1540052,3.181894,8.722376,0.21151209,0.23273966,0.09682214,UNKNOWN
-2.1667526,2.9903579,9.593865,0.21151209,0.23273966,0.09682214,SIT
-2.1667526,2.9903579,9.593865,0.84497935,0.52473325,0.15118915,SIT
-1.127669,3.7253778,9.064747,0.84497935,0.52473325,0.15118915,SIT
-1.127669,3.7253778,9.064747,0.36300668,-0.31337386,0.2764165,SIT
-0.78529817,3.727772,8.834904,0.36300668,-0.31337386,0.2764165,SIT
-0.78529817,3.727772,8.834904,0.13332134,-0.16982053,0.07666359,SIT
-0.2753332,3.6966474,8.554782,0.13332134,-0.16982053,0.07666359,SIT
-0.2753332,3.6966474,8.554782,0.10705414,-0.087964594,0.094989546,SIT
-0.5530606,3.9791632,9.301773,0.10705414,-0.087964594,0.094989546,SIT
-0.5530606,3.9791632,9.301773,-0.23930646,0.009773844,-0.03268129,SIT
-0.2657564,3.6870706,9.229947,-0.23930646,0.009773844,-0.03268129,SIT
-0.2657564,3.6870706,9.229947,-0.082924955,-0.03970624,0.008857546,SIT
0.021547815,3.2513258,9.002498,-0.082924955,-0.03970624,0.008857546,SIT
0.021547815,3.2513258,9.002498,0.04046982,-0.06047566,0.058948494,SIT
-0.2777274,3.2130187,9.474155,0.04046982,-0.06047566,0.058948494,SIT
-0.2777274,3.2130187,9.474155,0.09666943,-0.06352998,0.038789943,SIT
-0.17717093,3.5529952,9.275436,0.09666943,-0.06352998,0.038789943,SIT
-0.17717093,3.5529952,9.275436,-0.13912456,0.052534413,-0.06505715,SIT
0.088585466,3.5242648,8.9187,-0.13912456,0.052534413,-0.06505715,SIT
0.088585466,3.5242648,8.9187,-0.09330966,-0.010995574,0.12736541,SIT
-0.06943185,3.3063924,9.10066,-0.09330966,-0.010995574,0.12736541,SIT
-0.06943185,3.3063924,9.10066,0.052687127,-0.034208454,-0.0070249503,SIT
-0.50996494,3.2513258,9.601048,0.052687127,-0.034208454,-0.0070249503,SIT
-0.50996494,3.2513258,9.601048,-0.035888333,0.034208454,-0.063224554,SIT
0.04309563,3.4356794,8.901941,-0.035888333,0.034208454,-0.063224554,SIT
0.04309563,3.4356794,8.901941,0.08811731,0.073303826,0.12614368,SIT
-0.24420857,3.5338416,8.81575,0.08811731,0.073303826,0.12614368,SIT
-0.24420857,3.5338416,8.81575,0.034972034,0.004276057,-0.0021380284,SIT
-0.34715924,3.394978,8.904335,0.034972034,0.004276057,-0.0021380284,SIT
-0.34715924,3.394978,8.904335,-0.0035124752,-0.08246681,-0.08093964,SIT
-0.46208093,3.3638535,9.086295,-0.0035124752,-0.08246681,-0.08093964,SIT
-0.46208093,3.3638535,9.086295,-0.031001411,0.0018325958,-0.006414085,SIT
-0.17956513,3.4141316,9.14615,-0.031001411,0.0018325958,-0.006414085,SIT
-0.17956513,3.4141316,9.14615,-0.0022907446,0.040927973,0.03940081,SIT
-0.038307227,3.4045548,9.103054,-0.0022907446,0.040927973,0.03940081,SIT
-0.038307227,3.4045548,9.103054,-0.0096211275,-0.0030543262,0.049785517,SIT
-0.2777274,3.2728736,9.275436,-0.0096211275,-0.0030543262,0.049785517,SIT
-0.2777274,3.2728736,9.275436,-0.035277467,-0.005497787,-0.048563786,SIT
-0.14844051,3.2728736,9.277831,-0.035277467,-0.005497787,-0.048563786,SIT
-0.14844051,3.2728736,9.277831,-0.026725354,0.009773844,0.0027488936,SIT
-0.33039984,3.2848446,8.957007,-0.026725354,0.009773844,0.0027488936,SIT
-0.33039984,3.2848446,8.957007,-0.023060163,0.039095376,-0.01863139,SIT
-0.320823,3.2321723,9.433454,-0.023060163,0.039095376,-0.01863139,SIT
-0.320823,3.2321723,9.433454,-0.09514226,-0.01282817,-0.03634648,SIT
-0.2801216,2.980781,9.225159,-0.09514226,-0.01282817,-0.03634648,SIT
-0.2801216,2.980781,9.225159,-0.05971208,-0.01160644,0.00580322,SIT
-0.055066638,3.2321723,8.612243,-0.05971208,-0.01160644,0.00580322,SIT
-0.055066638,3.2321723,8.612243,-0.026725354,0.03604105,0.030848695,SIT
-0.21068975,3.1627405,8.408735,-0.026725354,0.03604105,0.030848695,SIT
-0.21068975,3.1627405,8.408735,-0.205098,0.095294975,-0.055283304,SIT
-0.8858546,3.241749,9.217976,-0.205098,0.095294975,-0.055283304,SIT
-0.8858546,3.241749,9.217976,-0.6363689,0.24373524,0.12370021,SIT
-0.46926352,1.532289,16.07048,-0.6363689,0.24373524,0.12370021,SIT
-0.46926352,1.532289,16.07048,-0.1049161,0.29565877,0.890947,SIT
0.9504981,1.412579,10.47972,-0.1049161,0.29565877,0.890947,SIT
0.9504981,1.412579,10.47972,-0.34009922,-0.48075095,0.48472157,SIT
-0.92176765,0.16280572,7.901165,-0.34009922,-0.48075095,0.48472157,SIT
-0.92176765,0.16280572,7.901165,-0.1366811,0.3231477,-0.20250183,SIT
-0.49081135,1.3479356,7.7575126,-0.1366811,0.3231477,-0.20250183,SIT
-0.49081135,1.3479356,7.7575126,0.49434268,0.099571034,0.10170906,SIT
-0.94092125,2.4277205,7.7790604,0.49434268,0.099571034,0.10170906,SIT
-0.94092125,2.4277205,7.7790604,0.7069238,0.2938262,0.10598512,SIT
-1.1563994,4.0318356,6.7304,0.7069238,0.2938262,0.10598512,SIT
-1.1563994,4.0318356,6.7304,0.4185954,-0.13805555,0.09621128,SIT
-0.8475474,3.5314474,8.861239,0.4185954,-0.13805555,0.09621128,UNKNOWN
-0.8475474,3.5314474,8.861239,-0.37614027,-0.37934732,-0.41691554,UNKNOWN
0.05267244,3.2944214,10.249877,-0.37614027,-0.37934732,-0.41691554,STAND
0.05267244,3.2944214,10.249877,0.3727805,-0.16798794,0.24220806,STAND
0.47405192,2.930503,9.371204,0.3727805,-0.16798794,0.24220806,STAND
0.47405192,2.930503,9.371204,-0.23747386,-0.19853121,0.036957346,STAND
0.5793968,3.217807,8.933065,-0.23747386,-0.19853121,0.036957346,STAND
0.5793968,3.217807,8.933065,-0.011453724,-0.057421334,0.03634648,STAND
-0.12210429,2.9113493,9.371204,-0.011453724,-0.057421334,0.03634648,STAND
-0.12210429,2.9113493,9.371204,-0.18493946,-0.037873644,-0.08155051,STAND
0.10295067,3.0262709,9.514857,-0.18493946,-0.037873644,-0.08155051,STAND
0.10295067,3.0262709,9.514857,-0.041996986,-0.080634214,0.063224554,STAND
0.46447513,3.1196449,9.062353,-0.041996986,-0.080634214,0.063224554,STAND
0.46447513,3.1196449,9.062353,0.081397794,-0.06352998,0.1469131,STAND
0.088585466,2.9137435,9.253889,0.081397794,-0.06352998,0.1469131,STAND
0.088585466,2.9137435,9.253889,0.03191771,-0.004276057,0.022907447,STAND
0.48123455,2.8921957,9.433454,0.03191771,-0.004276057,0.022907447,STAND
0.48123455,2.8921957,9.433454,-0.032223143,-0.029321533,-0.055283304,STAND
0.545878,2.8682537,8.660127,-0.032223143,-0.029321533,-0.055283304,STAND
0.545878,2.8682537,8.660127,0.0050396384,0.07574729,-0.087659165,STAND
-0.11971009,2.834735,9.0839,0.0050396384,0.07574729,-0.087659165,STAND
-0.11971009,2.834735,9.0839,-0.22220223,0.016493361,-0.13225232,STAND
-1.4460979,3.0765493,8.248324,-0.22220223,0.016493361,-0.13225232,UNKNOWN
-1.4460979,3.0765493,8.248324,-0.20143281,0.17165314,-0.030848695,UNKNOWN
-1.4269443,2.7988217,9.560347,-0.20143281,0.17165314,-0.030848695,UNKNOWN
-1.4269443,2.7988217,9.560347,0.019700404,0.34269542,0.35338554,UNKNOWN
-1.9153614,2.7102363,9.229947,0.019700404,0.34269542,0.35338554,WALK
-1.9153614,2.7102363,9.229947,-0.1226312,0.076358154,0.51893,WALK
-0.6919243,2.731784,9.38557,-0.1226312,0.076358154,0.51893,WALK
-0.6919243,2.731784,9.38557,0.06246097,-0.15760323,0.91721416,WALK
0.30645782,1.7166426,9.445425,0.06246097,-0.15760323,0.91721416,WALK
0.30645782,1.7166426,9.445425,0.013591751,0.118507855,0.8897252,WALK
0.4333505,2.908955,7.999327,0.013591751,0.118507855,0.8897252,WALK
0.4333505,2.908955,7.999327,0.37522396,-0.12461651,0.8481864,WALK
1.079785,3.7134068,8.39437,0.37522396,-0.12461651,0.8481864,WALK
1.079785,3.7134068,8.39437,0.15286903,-0.3885103,1.1597277,WALK
1.5227122,4.201824,9.859622,0.15286903,-0.3885103,1.1597277,WALK
1.5227122,4.201824,9.859622,0.23472497,0.36835176,0.6356053,WALK
0.21547815,1.5682021,9.320927,0.23472497,0.36835176,0.6356053,WALK
0.21547815,1.5682021,9.320927,-0.038331795,-0.18692477,0.24404067,WALK
2.8562827,2.1691468,8.183681,-0.038331795,-0.18692477,0.24404067,WALK
2.8562827,2.1691468,8.183681,-0.038331795,0.04642576,0.52748215,WALK
2.1068976,3.1292217,8.913912,-0.038331795,0.04642576,0.52748215,WALK
2.1068976,3.1292217,8.913912,0.09972375,0.09712757,-0.2611449,WALK
0.47884035,1.946486,8.044817,0.09972375,0.09712757,-0.2611449,WALK
0.47884035,1.946486,8.044817,-0.150731,-0.1160644,-1.3680327,WALK
2.0374656,0.7781156,10.666468,-0.150731,-0.1160644,-1.3680327,WALK
2.0374656,0.7781156,10.666468,-0.28328875,-0.5888741,-1.638646,WALK
0.80684596,0.60812724,7.951443,-0.28328875,-0.5888741,-1.638646,WALK
0.80684596,0.60812724,7.951443,-0.808022,-0.52839845,-1.7461584,WALK
-0.6991069,-0.076614454,10.209175,-0.808022,-0.52839845,-1.7461584,WALK
-0.6991069,-0.076614454,10.209175,-0.5703954,0.05131268,-0.9605856,WALK
-0.2825158,0.2657564,10.47972,-0.5703954,0.05131268,-0.9605856,WALK
-0.2825158,0.2657564,10.47972,-0.055436023,0.29138273,-0.5170974,WALK
-1.7597382,0.6847417,11.695974,-0.055436023,0.29138273,-0.5170974,WALK
-1.7597382,0.6847417,11.695974,0.4998405,0.35796702,-0.4071417,WALK
-1.3120226,4.6399627,9.881169,0.4998405,0.35796702,-0.4071417,WALK
-1.3120226,4.6399627,9.881169,0.8895725,-0.22479841,-0.20616703,WALK
-1.3934253,3.478775,8.066365,0.8895725,-0.22479841,-0.20616703,UNKNOWN
-1.3934253,3.478775,8.066365,0.38560867,-0.4288274,-0.07849618,UNKNOWN
-0.16998832,5.303456,5.0113635,0.38560867,-0.4288274,-0.07849618,SIT
-0.16998832,5.303456,5.0113635,0.7111999,0.05375614,0.46211955,SIT
-1.5682021,3.9815574,11.0495405,0.7111999,0.05375614,0.46211955,SIT
-1.5682021,3.9815574,11.0495405,-0.32360587,0.258396,-0.040011674,SIT
-4.8123455,2.2816741,9.845257,-0.32360587,0.258396,-0.040011674,SIT
-4.8123455,2.2816741,9.845257,0.028863383,0.98471475,-0.07360926,SIT
-5.279514,3.4332852,8.614637,0.028863383,0.98471475,-0.07360926,SIT
-5.279514,3.4332852,8.614637,-0.20143281,1.3396275,0.09560041,SIT
-5.59076,1.6950948,8.195652,-0.20143281,1.3396275,0.09560041,SIT
-5.59076,1.6950948,8.195652,-0.61315596,0.39584067,-0.29168814,SIT
-5.432743,1.1180922,8.6218195,-0.61315596,0.39584067,-0.29168814,SIT
-5.432743,1.1180922,8.6218195,-0.44700065,-0.33536503,0.41386122,SIT
-3.0789435,1.2689269,9.8955345,-0.44700065,-0.33536503,0.41386122,SIT
-3.0789435,1.2689269,9.8955345,-0.7316638,-0.30787608,0.95814216,SIT
-3.1890767,0.7637503,9.397541,-0.7316638,-0.30787608,0.95814216,SIT
-3.1890767,0.7637503,9.397541,-0.322995,-0.81122905,0.4260785,SIT
-2.1930888,0.7350199,9.81892,-0.322995,-0.81122905,0.4260785,SIT
-2.1930888,0.7350199,9.81892,-0.048716504,-0.18081611,-0.0106901415,SIT
-1.8794483,0.7230489,9.486126,-0.048716504,-0.18081611,-0.0106901415,SIT
-1.8794483,0.7230489,9.486126,0.0062613687,-0.12339478,-0.004581489,SIT
-1.9440918,0.81402856,9.634567,0.0062613687,-0.12339478,-0.004581489,SIT
-1.9440918,0.81402856,9.634567,-0.0065668016,-0.0421497,-0.01863139,SIT
-1.7669208,0.7445967,9.5292225,-0.0065668016,-0.0421497,-0.01863139,SIT
-1.7669208,0.7445967,9.5292225,-0.01817324,-0.027488936,0.006414085,SIT
-1.8004397,0.7326257,9.574712,-0.01817324,-0.027488936,0.006414085,SIT
-1.8004397,0.7326257,9.574712,0.0038179078,-0.026267206,0.003970624,SIT
-1.7764976,0.80684596,9.490914,0.0038179078,-0.026267206,0.003970624,SIT
-1.7764976,0.80684596,9.490914,-0.0041233404,-0.02076942,-0.0125227375,SIT
-1.7166426,0.7158663,9.608231,-0.0041233404,-0.02076942,-0.0125227375,SIT
-1.7166426,0.7158663,9.608231,-0.012675454,0.035430185,0.00580322,SIT
-1.8171991,0.7158663,9.605837,-0.012675454,0.035430185,0.00580322,SIT
-1.8171991,0.7158663,9.605837,0.027641652,-6.1086525E-4,-0.011911872,SIT
-1.7022774,0.80924016,9.514857,0.027641652,-6.1086525E-4,-0.011911872,SIT
-1.7022774,0.80924016,9.514857,-0.01572978,0.028099801,0.003970624,SIT
-1.8148049,0.7445967,9.359234,-0.01572978,0.028099801,0.003970624,SIT
-1.8148049,0.7445967,9.359234,-0.0053450707,0.034208454,0.003970624,SIT
-1.7501614,0.7278373,9.591472,-0.0053450707,0.034208454,0.003970624,SIT
-1.7501614,0.7278373,9.591472,-0.027947085,0.03726278,0.027794369,SIT
-1.8674773,0.6943185,9.510069,-0.027947085,0.03726278,0.027794369,SIT
-1.8674773,0.6943185,9.510069,-0.005955936,-0.005497787,9.162979E-4,SIT
-1.8100165,0.7206547,9.543588,-0.005955936,-0.005497787,9.162979E-4,SIT
-1.8100165,0.7206547,9.543588,0.02275473,-0.05009095,-0.0027488936,SIT
-1.8195933,0.7398083,9.632173,0.02275473,-0.05009095,-0.0027488936,SIT
-1.8195933,0.7398083,9.632173,-0.0065668016,-0.017715093,3.0543262E-4,SIT
-1.757344,0.60333884,9.490914,-0.0065668016,-0.017715093,3.0543262E-4,SIT
-1.757344,0.60333884,9.490914,-0.020005837,0.049480084,0.0027488936,SIT
-1.7286136,0.6679823,9.581895,-0.020005837,0.049480084,0.0027488936,SIT
-1.7286136,0.6679823,9.581895,1.5271631E-4,-0.009162978,0.00580322,SIT
-1.3575124,0.6440403,8.997709,1.5271631E-4,-0.009162978,0.00580322,SIT
-1.3575124,0.6440403,8.997709,-0.026725354,-0.043982297,0.049785517,SIT
-3.1794999,1.1444284,9.821315,-0.026725354,-0.043982297,0.049785517,SIT
-3.1794999,1.1444284,9.821315,-0.49831334,0.5564982,-0.8585711,SIT
-0.8379706,2.822764,7.999327,-0.49831334,0.5564982,-0.8585711,SIT
-0.8379706,2.822764,7.999327,0.35262197,0.065973446,0.1554652,SIT
-3.904943,-0.90979666,11.722311,0.35262197,0.065973446,0.1554652,SIT
-3.904943,-0.90979666,11.722311,-0.03283401,-0.73914695,-0.06872234,SIT
-2.0518308,-0.29927522,12.3950815,-0.03283401,-0.73914695,-0.06872234,SIT
-2.0518308,-0.29927522,12.3950815,0.027030786,-0.3359759,0.4089743,SIT
-2.0398598,0.62009823,10.316915,0.027030786,-0.3359759,0.4089743,SIT
-2.0398598,0.62009823,10.316915,0.16508633,-0.12095132,0.26847526,SIT
-2.0494366,0.51714754,7.8101854,0.16508633,-0.12095132,0.26847526,SIT
-2.0494366,0.51714754,7.8101854,0.56581396,-0.26633725,0.61544675,SIT
-1.5969325,1.9728222,7.759907,0.56581396,-0.26633725,0.61544675,SIT
-1.5969325,1.9728222,7.759907,0.49495357,-0.14355333,0.6789767,SIT
-0.20111294,2.8083985,7.376835,0.49495357,-0.14355333,0.6789767,SIT
-0.20111294,2.8083985,7.376835,0.84131414,-0.37873647,0.94042706,SIT
-1.1851299,1.6089035,9.399935,0.84131414,-0.37873647,0.94042706,UNKNOWN
-1.1851299,1.6089035,9.399935,0.1479821,0.7012733,0.27458394,UNKNOWN
0.17956513,4.197036,9.445425,0.1479821,0.7012733,0.27458394,WALK
0.17956513,4.197036,9.445425,-0.16783522,0.8875872,1.0192287,WALK
0.49320555,3.845088,10.2857895,-0.16783522,0.8875872,1.0192287,WALK
0.49320555,3.845088,10.2857895,-0.25457808,0.2144137,0.93615097,WALK
-0.19632454,3.3566709,7.400777,-0.25457808,0.2144137,0.93615097,WALK
-0.19632454,3.3566709,7.400777,0.25121832,0.13255776,0.10720685,WALK
0.46686932,2.861071,8.415918,0.25121832,0.13255776,0.10720685,WALK
0.46686932,2.861071,8.415918,-0.30955598,0.6084218,-0.1572978,WALK
-0.1316811,2.7868507,9.80695,-0.30955598,0.6084218,-0.1572978,WALK
-0.1316811,2.7868507,9.80695,-0.10797043,-0.5021312,-1.0320568,WALK
0.016759412,0.4213795,12.304102,-0.10797043,-0.5021312,-1.0320568,WALK
0.016759412,0.4213795,12.304102,-0.20693061,-0.39095375,-1.2208142,WALK
0.1604115,2.5809495,7.3385277,-0.20693061,-0.39095375,-1.2208142,WALK
0.1604115,2.5809495,7.3385277,0.7228063,-0.2443461,-1.4920384,WALK
-1.9608512,3.4955344,9.493309,0.7228063,-0.2443461,-1.4920384,WALK
-1.9608512,3.4955344,9.493309,0.19685133,-0.4343252,-1.2996159,WALK
-0.8331822,3.406949,10.793361,0.19685133,-0.4343252,-1.2996159,WALK
-0.8331822,3.406949,10.793361,-0.15745051,0.03359759,-0.38820487,WALK
-0.62249243,2.2337902,9.194034,-0.15745051,0.03359759,-0.38820487,WALK
-0.62249243,2.2337902,9.194034,0.19440787,-0.20158553,-0.13836098,WALK
-1.0079589,3.5745432,7.5755534,0.19440787,-0.20158553,-0.13836098,WALK
-1.0079589,3.5745432,7.5755534,0.43569964,0.10567969,-0.09193522,WALK
-0.15083471,4.465186,9.605837,0.43569964,0.10567969,-0.09193522,WALK
-0.15083471,4.465186,9.605837,-0.10919216,-0.29016098,-0.23854288,WALK
0.51954174,3.5218706,8.427889,-0.10919216,-0.29016098,-0.23854288,WALK
0.51954174,3.5218706,8.427889,-0.46043968,-0.18142697,-0.65576386,WALK
-1.5562311,3.6942532,7.867646,-0.46043968,-0.18142697,-0.65576386,WALK
-1.5562311,3.6942532,7.867646,0.37827832,-0.22907446,-0.7266242,WALK
-1.1252748,4.910807,10.395923,0.37827832,-0.22907446,-0.7266242,WALK
-1.1252748,4.910807,10.395923,-0.14462234,0.1337795,-0.21899518,WALK
-1.7477672,2.7629087,9.732729,-0.14462234,0.1337795,-0.21899518,WALK
-1.7477672,2.7629087,9.732729,-0.20387627,0.39950588,0.2855795,WALK
-0.4237737,2.8802247,8.425495,-0.20387627,0.39950588,0.2855795,WALK
-0.4237737,2.8802247,8.425495,0.08689558,0.20097467,0.2434298,WALK
-0.81163436,4.5681367,8.099884,0.08689558,0.20097467,0.2434298,WALK
-0.81163436,4.5681367,8.099884,0.3013093,-0.05681047,0.21227567,WALK
-1.1444284,4.656722,10.032004,0.3013093,-0.05681047,0.21227567,WALK
-1.1444284,4.656722,10.032004,0.061239243,-0.16310102,-0.20372356,WALK
-1.1683705,4.5154643,8.344092,0.061239243,-0.16310102,-0.20372356,WALK
-1.1683705,4.5154643,8.344092,0.19929479,-0.31948254,-0.2312125,WALK
0.08379706,4.9299607,7.606678,0.19929479,-0.31948254,-0.2312125,WALK
0.08379706,4.9299607,7.606678,0.26710084,0.44593164,-0.10476339,WALK
0.770933,6.3760586,8.583512,0.26710084,0.44593164,-0.10476339,WALK
0.770933,6.3760586,8.583512,0.5035057,-0.065973446,-0.058948494,WALK
-1.8411411,4.721366,7.9059534,0.5035057,-0.065973446,-0.058948494,WALK
-1.8411411,4.721366,7.9059534,0.2359467,-1.0213667,-0.5726862,WALK
-1.283292,4.2425256,9.079112,0.2359467,-1.0213667,-0.5726862,WALK
-1.283292,4.2425256,9.079112,-0.107359566,-0.57726765,-0.40653083,WALK
-0.06464344,4.8722005,6.426337,-0.107359566,-0.57726765,-0.40653083,WALK
-0.06464344,4.8722005,6.426337,-0.14462234,-0.5149594,-0.5403103,WALK
-1.8650831,5.5309052,8.116643,-0.14462234,-0.5149594,-0.5403103,WALK
-1.8650831,5.5309052,8.116643,-0.35964692,-0.6658431,-0.91721416,WALK
-2.5187001,5.219659,7.678504,-0.35964692,-0.6658431,-0.91721416,WALK
-2.5187001,5.219659,7.678504,0.28237244,-0.5626069,-0.6026186,WALK
-1.6017209,5.2747254,6.277896,0.28237244,-0.5626069,-0.6026186,WALK
-1.6017209,5.2747254,6.277896,0.09239337,0.069027774,0.7883216,WALK
-1.2042835,4.7620673,6.4742208,0.09239337,0.069027774,0.7883216,WALK
-1.2042835,4.7620673,6.4742208,-0.690125,0.7330383,1.3240504,WALK
-0.22744916,5.0472765,14.047081,-0.690125,0.7330383,1.3240504,WALK
-0.22744916,5.0472765,14.047081,-0.17211129,0.4092797,1.2983941,WALK
2.3247697,3.311181,9.308955,-0.17211129,0.4092797,1.2983941,WALK
2.3247697,3.311181,9.308955,-0.24969117,0.37018433,0.7266242,WALK
0.272939,3.667917,7.6713214,-0.24969117,0.37018433,0.7266242,WALK
0.272939,3.667917,7.6713214,-0.472657,0.97310835,0.44684792,WALK
0.24181437,3.5625722,11.52838,-0.472657,0.97310835,0.44684792,WALK
0.24181437,3.5625722,11.52838,0.21212296,-0.0720821,0.23854288,WALK
-0.009576807,3.0885203,7.5180926,0.21212296,-0.0720821,0.23854288,WALK
-0.009576807,3.0885203,7.5180926,-0.20204368,0.19730948,-0.18600847,WALK
-0.521936,3.074155,8.26269,-0.20204368,0.19730948,-0.18600847,WALK
-0.521936,3.074155,8.26269,-0.0071776668,0.04520403,0.08093964,WALK
0.19393034,3.6511576,10.082283,-0.0071776668,0.04520403,0.08093964,WALK
0.19393034,3.6511576,10.082283,-0.038331795,0.27305678,0.2611449,WALK
-0.6943185,2.846706,10.455778,-0.038331795,0.27305678,0.2611449,WALK
-0.6943185,2.846706,10.455778,0.13637567,0.092240654,0.18600847,WALK
-0.6607997,2.885013,9.490914,0.13637567,0.092240654,0.18600847,UNKNOWN
-0.6607997,2.885013,9.490914,0.09728029,0.08735373,0.6759224,UNKNOWN
-0.45968673,2.7102363,8.911518,0.09728029,0.08735373,0.6759224,UNKNOWN
-0.45968673,2.7102363,8.911518,0.13881913,0.03359759,0.2837469,UNKNOWN
0.24181437,3.9001546,7.728782,0.13881913,0.03359759,0.2837469,STAND
0.24181437,3.9001546,7.728782,0.21700987,0.014049901,0.09743301,STAND
0.08619126,3.5434184,9.629779,0.21700987,0.014049901,0.09743301,STAND
0.08619126,3.5434184,9.629779,-0.043829583,-0.06658431,-0.32711834,STAND
-0.7182605,3.9121256,9.05517,-0.043829583,-0.06658431,-0.32711834,STAND
-0.7182605,3.9121256,9.05517,0.06246097,-0.23884831,-0.45112398,STAND
-0.2825158,4.06296,8.753501,0.06246097,-0.23884831,-0.45112398,STAND
-0.2825158,4.06296,8.753501,0.030695979,-0.13805555,-0.23426682,STAND
-0.91937345,3.5242648,9.395146,0.030695979,-0.13805555,-0.23426682,STAND
-0.91937345,3.5242648,9.395146,-0.076816306,-0.10323623,-0.12858713,STAND
-0.24660277,3.9863458,8.535628,-0.076816306,-0.10323623,-0.12858713,STAND
-0.24660277,3.9863458,8.535628,-0.07437284,0.093462385,0.14813483,STAND
-0.2825158,3.845088,8.992921,-0.07437284,0.093462385,0.14813483,STAND
-0.2825158,3.845088,8.992921,0.023365596,0.03848451,0.14813483,STAND
-0.30885202,3.8738184,8.849269,0.023365596,0.03848451,0.14813483,STAND
-0.30885202,3.8738184,8.849269,-0.015118915,0.1020145,0.04734206,STAND
-0.10295067,3.9001546,9.158121,-0.015118915,0.1020145,0.04734206,STAND
-0.10295067,3.9001546,9.158121,-0.06887506,-0.0012217305,-0.029626964,STAND
-0.5243302,3.7660792,9.028834,-0.06887506,-0.0012217305,-0.029626964,STAND
-0.5243302,3.7660792,9.028834,0.01786781,0.04642576,-0.04062254,STAND
-0.7733272,3.6056678,8.755895,0.01786781,0.04642576,-0.04062254,STAND
-0.7733272,3.6056678,8.755895,-0.010842858,-0.015882496,-0.10903945,STAND
-0.6560113,3.952827,8.312967,-0.010842858,-0.015882496,-0.10903945,STAND
-0.6560113,3.952827,8.312967,0.028252518,0.026267206,0.0076358155,STAND
-0.31364042,3.9959226,9.1389675,0.028252518,0.026267206,0.0076358155,STAND
-0.31364042,3.9959226,9.1389675,-0.024892759,-0.016493361,0.08032878,STAND
-0.7182605,3.7421372,8.921095,-0.024892759,-0.016493361,0.08032878,STAND
-0.7182605,3.7421372,8.921095,0.025198191,0.14355333,0.089491755,STAND
-0.7062895,4.036624,8.861239,0.025198191,0.14355333,0.089491755,STAND
-0.7062895,4.036624,8.861239,-0.0786489,0.02321288,0.03940081,STAND
-0.6943185,4.027047,9.004891,-0.0786489,0.02321288,0.03940081,STAND
-0.6943185,4.027047,9.004891,-4.5814895E-4,0.03359759,0.05955936,STAND
-0.770933,3.7349546,8.887576,-4.5814895E-4,0.03359759,0.05955936,STAND
-0.770933,3.7349546,8.887576,0.030085113,-0.013439035,0.09254608,STAND
-0.6775591,3.8307228,8.705617,0.030085113,-0.013439035,0.09254608,STAND
-0.6775591,3.8307228,8.705617,0.042913284,0.043982297,0.09682214,STAND
-0.33039984,4.050989,8.988132,0.042913284,0.043982297,0.09682214,STAND
-0.33039984,4.050989,8.988132,-0.039553523,0.031154128,-0.011911872,STAND
-0.32321724,3.8187518,9.136573,-0.039553523,0.031154128,-0.011911872,STAND
-0.32321724,3.8187518,9.136573,-0.068264194,-0.01160644,-0.046731193,STAND
-0.6919243,3.8738184,8.755895,-0.068264194,-0.01160644,-0.046731193,STAND
-0.6919243,3.8738184,8.755895,-0.012675454,-0.02321288,-0.003970624,STAND
-0.34237084,3.7900212,9.086295,-0.012675454,-0.02321288,-0.003970624,STAND
-0.34237084,3.7900212,9.086295,0.021533,0.0061086523,0.05955936,STAND
-0.32800564,3.8738184,9.045593,0.021533,0.0061086523,0.05955936,STAND
-0.32800564,3.8738184,9.045593,0.011148291,0.028710667,0.024129177,STAND
-0.7589619,3.9600096,8.643368,0.011148291,0.028710667,0.024129177,STAND
-0.7589619,3.9600096,8.643368,0.04596761,-0.035430185,-0.052839845,STAND
-0.6943185,3.6750996,9.337686,0.04596761,-0.035430185,-0.052839845,STAND
-0.6943185,3.6750996,9.337686,-0.032223143,-0.043982297,-0.018020526,STAND
-0.47644615,3.739743,8.9641905,-0.032223143,-0.043982297,-0.018020526,STAND
-0.47644615,3.739743,8.9641905,0.026419923,0.080634214,0.03390302,STAND
-0.5722142,3.7301662,8.775048,0.026419923,0.080634214,0.03390302,STAND
-0.5722142,3.7301662,8.775048,-0.013897184,0.027488936,-0.013744468,STAND
-0.641646,3.4691982,9.603442,-0.013897184,0.027488936,-0.013744468,STAND
-0.641646,3.4691982,9.603442,-0.10980303,-0.10262536,-0.06688975,STAND
-0.2896984,3.6727054,8.435072,-0.10980303,-0.10262536,-0.06688975,STAND
-0.2896984,3.6727054,8.435072,0.025809057,0.05497787,0.035124753,STAND
-0.45729253,3.596091,8.980949,0.025809057,0.05497787,0.035124753,STAND
-0.45729253,3.596091,8.980949,-0.052381694,0.004886922,-0.089491755,STAND
-1.0941502,3.4332852,8.581119,-0.052381694,0.004886922,-0.089491755,STAND
-1.0941502,3.4332852,8.581119,-0.09819659,6.1086525E-4,-0.16584991,STAND
-1.3910311,3.1842883,9.028834,-0.09819659,6.1086525E-4,-0.16584991,STAND
-1.3910311,3.1842883,9.028834,-0.045662176,-0.37873647,-0.45478916,STAND
-0.30885202,2.1452048,8.779837,-0.045662176,-0.37873647,-0.45478916,STAND
-0.30885202,2.1452048,8.779837,-0.15134187,-0.32620203,-0.7852673,STAND
-0.78290397,3.514688,8.085519,-0.15134187,-0.32620203,-0.7852673,SIT
-0.78290397,3.514688,8.085519,0.21762075,0.7189884,-0.8017606,SIT
-0.39264908,3.0071173,6.6609683,0.21762075,0.7189884,-0.8017606,SIT
-0.39264908,3.0071173,6.6609683,-0.043218717,0.076358154,-0.55741453,SIT
-2.2960393,2.2098482,10.52521,-0.043218717,0.076358154,-0.55741453,SIT
-2.2960393,2.2098482,10.52521,-0.35842517,0.023823744,-0.39064834,SIT
-3.751714,1.7645266,9.701605,-0.35842517,0.023823744,-0.39064834,SIT
-3.751714,1.7645266,9.701605,0.23411411,0.3848451,-0.47800204,SIT
-5.4758387,4.8362875,10.520422,0.23411411,0.3848451,-0.47800204,SIT
-5.4758387,4.8362875,10.520422,0.7704538,0.4343252,0.0021380284,SIT
-0.5793968,7.9897504,7.012916,0.7704538,0.4343252,0.0021380284,SIT
-0.5793968,7.9897504,7.012916,1.3513867,0.34025195,-0.040011674,SIT
-1.5969325,8.380005,6.4598556,1.3513867,0.34025195,-0.040011674,SIT
-1.5969325,8.380005,6.4598556,0.67088276,-0.96944314,-0.8347474,SIT
-2.3415294,7.192481,2.516306,0.67088276,-0.96944314,-0.8347474,SIT
-2.3415294,7.192481,2.516306,0.8950703,-0.39278635,0.43096542,SIT
-1.5035586,9.486126,3.9336734,0.8950703,-0.39278635,0.43096542,SIT
-1.5035586,9.486126,3.9336734,0.20479257,0.028099801,0.25503623,SIT
-2.2816741,7.9801736,4.2880154,0.20479257,0.028099801,0.25503623,SIT
-2.2816741,7.9801736,4.2880154,0.025198191,0.3115413,0.03573562,SIT
-3.3039982,7.6378026,5.3920417,0.025198191,0.3115413,0.03573562,SIT
-3.3039982,7.6378026,5.3920417,-0.12873985,0.09101892,-0.09437868,SIT
-3.4021606,7.807791,5.1885343,-0.12873985,0.09101892,-0.09437868,SIT
-3.4021606,7.807791,5.1885343,-0.087201014,-0.16737708,-0.074830994,SIT
-3.6367924,7.4103537,4.27365,-0.087201014,-0.16737708,-0.074830994,SIT
-3.6367924,7.4103537,4.27365,0.12965615,-0.032375857,-0.03390302,SIT
-2.2218192,8.092701,5.4854155,0.12965615,-0.032375857,-0.03390302,SIT
-2.2218192,8.092701,5.4854155,-0.13545936,0.048258353,0.2312125,SIT
-2.932897,7.913136,4.663905,-0.13545936,0.048258353,0.2312125,SIT
-2.932897,7.913136,4.663905,-0.0041233404,0.054367006,-0.018020526,SIT
-3.2489316,7.716811,4.807557,-0.0041233404,0.054367006,-0.018020526,SIT
-3.2489316,7.716811,4.807557,-0.022449298,0.080634214,-0.029626964,SIT
-2.885013,7.819762,4.6016555,-0.022449298,0.080634214,-0.029626964,SIT
-2.885013,7.819762,4.6016555,-0.0035124752,0.007941248,0.021685716,SIT
-3.2824504,7.7670894,4.608838,-0.0035124752,0.007941248,0.021685716,SIT
-3.2824504,7.7670894,4.608838,0.036193766,-0.029932396,-0.04428773,SIT
-3.098097,7.819762,4.63278,0.036193766,-0.029932396,-0.04428773,SIT
-3.098097,7.819762,4.63278,0.011148291,-0.0030543262,0.01740966,SIT
-3.0669725,7.8580694,4.783615,0.011148291,-0.0030543262,0.01740966,SIT
-3.0669725,7.8580694,4.783615,-0.033444874,0.0030543262,0.05222898,SIT
-2.942474,7.807791,4.630386,-0.033444874,0.0030543262,0.05222898,SIT
-2.942474,7.807791,4.630386,0.012980887,-0.009162978,0.005192355,SIT
-3.4093432,7.764695,4.7860093,0.012980887,-0.009162978,0.005192355,SIT
-3.4093432,7.764695,4.7860093,-0.013286319,-0.02443461,0.003970624,SIT
-2.741361,8.001721,5.0975547,-0.013286319,-0.02443461,0.003970624,SIT
-2.741361,8.001721,5.0975547,-0.01450805,0.009162978,0.0033597588,SIT
-2.7485435,7.958626,4.663905,-0.01450805,0.009162978,0.0033597588,SIT
-2.7485435,7.958626,4.663905,0.047800206,0.009162978,0.04184427,SIT
-3.0071173,7.8365216,4.4819455,0.047800206,0.009162978,0.04184427,SIT
-3.0071173,7.8365216,4.4819455,0.051465396,-0.08368854,-0.04734206,SIT
-2.7868507,8.037635,4.795586,0.051465396,-0.08368854,-0.04734206,SIT
-2.7868507,8.037635,4.795586,0.016035212,-0.035430185,-0.034513887,SIT
-3.095703,7.910742,4.709395,0.016035212,-0.035430185,-0.034513887,SIT
-3.095703,7.910742,4.709395,0.006872234,-0.06719518,0.067500606,SIT
-2.8275523,7.975385,4.9275665,0.006872234,-0.06719518,0.067500606,SIT
-2.8275523,7.975385,4.9275665,-0.012064588,0.01160644,0.034513887,SIT
-2.8179753,8.030452,4.817134,-0.012064588,0.01160644,0.034513887,SIT
-2.8179753,8.030452,4.817134,0.0154243475,-0.020158553,0.06872234,SIT
-2.8083985,7.975385,4.7764325,0.0154243475,-0.020158553,0.06872234,SIT
-2.8083985,7.975385,4.7764325,0.027030786,0.007941248,-0.038789943,SIT
-2.7365725,7.972991,4.584896,0.027030786,0.007941248,-0.038789943,SIT
-2.7365725,7.972991,4.584896,-0.008399397,0.016493361,9.162979E-4,SIT
-2.9281087,7.8868,4.699818,-0.008399397,0.016493361,9.162979E-4,SIT
-2.9281087,7.8868,4.699818,-0.024281893,0.004276057,0.01863139,SIT
-2.8395233,8.052,4.6830587,-0.024281893,0.004276057,0.01863139,SIT
-2.8395233,8.052,4.6830587,-0.01695151,-0.0012217305,0.01863139,SIT
-2.8658595,8.085519,5.0376997,-0.01695151,-0.0012217305,0.01863139,SIT
-2.8658595,8.085519,5.0376997,-0.010231993,-0.016493361,-0.0125227375,SIT
-2.8874073,7.934684,4.855441,-0.010231993,-0.016493361,-0.0125227375,SIT
-2.8874073,7.934684,4.855441,0.021533,0.018936822,-0.003970624,SIT
-2.834735,7.958626,4.5992613,0.021533,0.018936822,-0.003970624,SIT
-2.834735,7.958626,4.5992613,-0.0016798794,0.015271631,0.008246681,SIT
-2.8275523,8.020875,5.016152,-0.0016798794,0.015271631,0.008246681,SIT
-2.8275523,8.020875,5.016152,-0.025503624,-0.01038471,0.0027488936,SIT
-2.822764,7.9418664,4.7620673,-0.025503624,-0.01038471,0.0027488936,SIT
-2.822764,7.9418664,4.7620673,0.019700404,0.005497787,-0.024740042,SIT
-2.906561,7.805397,4.7046065,0.019700404,0.005497787,-0.024740042,SIT
-2.906561,7.805397,4.7046065,-0.016340645,-0.0061086523,-0.0033597588,SIT
-2.858677,7.84131,4.7381253,-0.016340645,-0.0061086523,-0.0033597588,SIT
-2.858677,7.84131,4.7381253,-0.13729197,0.12156218,-0.038179077,SIT
-3.2561142,6.5771713,4.891354,-0.13729197,0.12156218,-0.038179077,SIT
-3.2561142,6.5771713,4.891354,-0.40485093,0.058643065,-0.076052725,SIT
-2.8682537,6.778284,6.7304,-0.40485093,0.058643065,-0.076052725,SIT
-2.8682537,6.778284,6.7304,-0.731053,0.002443461,-0.09010262,SIT
-2.741361,5.8397574,5.466262,-0.731053,0.002443461,-0.09010262,SIT
-2.741361,5.8397574,5.466262,-0.55939984,0.14660765,-0.31490102,SIT
-4.8602295,5.114314,8.104672,-0.55939984,0.14660765,-0.31490102,SIT
-4.8602295,5.114314,8.104672,-0.6907359,-0.47586402,-0.5519168,SIT
-3.3423057,3.6008794,13.68795,-0.6907359,-0.47586402,-0.5519168,SIT
-3.3423057,3.6008794,13.68795,-0.6418667,-0.93951076,-0.11148291,SIT
-2.56419,3.1244333,11.178827,-0.6418667,-0.93951076,-0.11148291,SIT
-2.56419,3.1244333,11.178827,-0.29184088,0.22907446,-0.0070249503,SIT
-2.791639,3.2441432,7.3696523,-0.29184088,0.22907446,-0.0070249503,SIT
-2.791639,3.2441432,7.3696523,0.3031419,0.28405234,0.09254608,SIT
-1.8866309,2.7485435,6.268319,0.3031419,0.28405234,0.09254608,SIT
-1.8866309,2.7485435,6.268319,0.33368513,-0.054367006,0.38331795,SIT
-1.5011644,4.879383,7.154174,0.33368513,-0.054367006,0.38331795,SIT
-1.5011644,4.879383,7.154174,0.30375275,0.0983493,0.42302418,SIT
-1.7046716,5.2627544,7.276278,0.30375275,0.0983493,0.42302418,SIT
-1.7046716,5.2627544,7.276278,0.20479257,-0.08857546,9.162979E-4,SIT
-1.6519991,5.147833,8.794202,0.20479257,-0.08857546,9.162979E-4,UNKNOWN
-1.6519991,5.147833,8.794202,-0.17394388,-0.16065755,-0.18845193,UNKNOWN
-1.4413095,4.584896,8.751106,-0.17394388,-0.16065755,-0.18845193,STAND
-1.4413095,4.584896,8.751106,-0.2087632,-0.37568212,-0.32345316,STAND
-1.5825673,4.685453,8.528446,-0.2087632,-0.37568212,-0.32345316,STAND
-1.5825673,4.685453,8.528446,-0.17821993,0.1563815,-0.016187929,STAND
-1.9608512,4.5394063,8.329727,-0.17821993,0.1563815,-0.016187929,STAND
-1.9608512,4.5394063,8.329727,0.13087788,0.05681047,0.024740042,STAND
-1.7908629,4.853047,7.939472,0.13087788,0.05681047,0.024740042,STAND
-1.7908629,4.853047,7.939472,0.06307184,0.044593163,0.110872045,STAND
-1.8746599,4.84347,8.387188,0.06307184,0.044593163,0.110872045,STAND
-1.8746599,4.84347,8.387188,-0.04444045,0.018936822,0.05955936,STAND
-1.8387469,4.8386817,8.3991585,-0.04444045,0.018936822,0.05955936,STAND
-1.8387469,4.8386817,8.3991585,-0.0041233404,0.051923547,0.05955936,STAND
-1.673547,5.0233345,8.013692,-0.0041233404,0.051923547,0.05955936,STAND
-1.673547,5.0233345,8.013692,-0.021838432,0.018936822,0.05100725,STAND
-1.7310078,4.898836,8.329727,-0.021838432,0.018936822,0.05100725,STAND
-1.7310078,4.898836,8.329727,-0.012675454,-0.013439035,0.01863139,STAND
-1.9632454,4.970662,8.219594,-0.012675454,-0.013439035,0.01863139,STAND
-1.9632454,4.970662,8.219594,-0.00290161,-0.007330383,-0.03268129,STAND
-1.6639702,5.0353055,8.102278,-0.00290161,-0.007330383,-0.03268129,STAND
-1.6639702,5.0353055,8.102278,0.012980887,-0.05497787,-0.016187929,STAND
-1.6950948,4.891354,8.272266,0.012980887,-0.05497787,-0.016187929,STAND
-1.6950948,4.891354,8.272266,0.030085113,0.036651913,-0.016187929,STAND
-1.7238252,4.8338933,8.535628,0.030085113,0.036651913,-0.016187929,STAND
-1.7238252,4.8338933,8.535628,-0.0016798794,0.049480084,0.036957346,STAND
-1.8004397,4.9730563,8.181287,-0.0016798794,0.049480084,0.036957346,STAND
-1.8004397,4.9730563,8.181287,0.05207626,0.013439035,-0.013744468,STAND
-1.8722657,4.8243165,8.32015,0.05207626,0.013439035,-0.013744468,STAND
-1.8722657,4.8243165,8.32015,-0.02367103,-0.025045475,-0.074830994,STAND
-1.6950948,5.114314,8.3512745,-0.02367103,-0.025045475,-0.074830994,STAND
-1.6950948,5.114314,8.3512745,0.04352415,0.08246681,-0.016798794,STAND
-1.9249382,4.9419317,8.221988,0.04352415,0.08246681,-0.016798794,STAND
-1.9249382,4.9419317,8.221988,0.0013744468,0.032986723,-0.005192355,STAND
-2.1332338,4.853047,8.068759,0.0013744468,0.032986723,-0.005192355,STAND
-2.1332338,4.853047,8.068759,-0.048716504,0.025045475,-0.04795292,STAND
-1.9009962,4.9179897,8.20044,-0.048716504,0.025045475,-0.04795292,STAND
-1.9009962,4.9179897,8.20044,-0.040775254,0.013439035,-0.011911872,STAND
-1.982399,4.661511,8.430284,-0.040775254,0.013439035,-0.011911872,STAND
-1.982399,4.661511,8.430284,0.008093964,-0.023823744,0.013744468,STAND
-1.7501614,4.8338933,8.214806,0.008093964,-0.023823744,0.013744468,STAND
-1.7501614,4.8338933,8.214806,-4.5814895E-4,-6.1086525E-4,9.162979E-4,STAND
-1.7429788,4.72376,8.293814,-4.5814895E-4,-6.1086525E-4,9.162979E-4,STAND
-1.7429788,4.72376,8.293814,-0.04932737,-0.07452556,-0.03634648,STAND
-1.4197617,5.1454387,8.755895,-0.04932737,-0.07452556,-0.03634648,UNKNOWN
-1.4197617,5.1454387,8.755895,-0.0804815,-0.095294975,-0.16340645,UNKNOWN
-1.5610195,5.0257287,7.9921446,-0.0804815,-0.095294975,-0.16340645,UNKNOWN
-1.5610195,5.0257287,7.9921446,-0.024281893,-0.1441642,-0.28619036,UNKNOWN
-1.2162545,4.817134,8.109461,-0.024281893,-0.1441642,-0.28619036,WALK
-1.2162545,4.817134,8.109461,-0.28084528,-0.008552114,-0.09682214,WALK
-1.7645266,5.2124763,8.858846,-0.28084528,-0.008552114,-0.09682214,WALK
-1.7645266,5.2124763,8.858846,-0.01817324,-0.2773328,-0.33078352,WALK
-0.8858546,4.9969983,10.300155,-0.01817324,-0.2773328,-0.33078352,WALK
-0.8858546,4.9969983,10.300155,0.0050396384,-0.4147775,-0.15118915,WALK
0.23942018,3.4763808,7.388806,0.0050396384,-0.4147775,-0.15118915,WALK
0.23942018,3.4763808,7.388806,0.42653665,-0.40561453,0.046120327,WALK
-1.3120226,4.453215,7.156568,0.42653665,-0.40561453,0.046120327,WALK
-1.3120226,4.453215,7.156568,0.17241672,-0.08979719,-0.2874121,WALK
-1.0893618,5.7607484,8.6457615,0.17241672,-0.08979719,-0.2874121,WALK
-1.0893618,5.7607484,8.6457615,-0.2771801,0.16615535,0.1994475,WALK
-1.9129672,4.134786,9.438242,-0.2771801,0.16615535,0.1994475,WALK
-1.9129672,4.134786,9.438242,-0.03283401,0.19914207,0.35888332,WALK
-0.878672,3.845088,7.4199305,-0.03283401,0.19914207,0.35888332,WALK
-0.878672,3.845088,7.4199305,0.14065172,0.14966199,0.62949663,WALK
-1.1611878,3.9959226,7.8939824,0.14065172,0.14966199,0.62949663,WALK
-1.1611878,3.9959226,7.8939824,-0.09941832,0.122783914,0.24648413,WALK
-0.6799533,4.7046065,9.9673605,-0.09941832,0.122783914,0.24648413,WALK
-0.6799533,4.7046065,9.9673605,-0.26007587,0.43249258,0.19761491,WALK
0.20590134,3.2992098,9.747094,-0.26007587,0.43249258,0.19761491,WALK
0.20590134,3.2992098,9.747094,-0.19898935,-0.54428095,-0.050396383,WALK
-1.0534488,3.821146,6.7711015,-0.19898935,-0.54428095,-0.050396383,WALK
-1.0534488,3.821146,6.7711015,0.31535918,-0.12217305,-0.6160576,WALK
-2.2744915,4.898836,8.32015,0.31535918,-0.12217305,-0.6160576,WALK
-2.2744915,4.898836,8.32015,-0.041996986,0.17592919,-0.3747658,WALK
-1.661576,3.6822822,9.641749,-0.041996986,0.17592919,-0.3747658,WALK
-1.661576,3.6822822,9.641749,-0.16783522,0.3109304,0.25381452,WALK
-1.0295067,2.6288335,9.375993,-0.16783522,0.3109304,0.25381452,WALK
-1.0295067,2.6288335,9.375993,-0.25152376,0.4868596,0.6068946,WALK
-1.2258313,3.526659,8.408735,-0.25152376,0.4868596,0.6068946,WALK
-1.2258313,3.526659,8.408735,0.04841107,0.06780604,0.44318274,WALK
-0.92176765,4.43885,10.455778,0.04841107,0.06780604,0.44318274,WALK
-0.92176765,4.43885,10.455778,0.1498147,0.099571034,0.11209377,WALK
-0.61291564,3.0382419,7.666533,0.1498147,0.099571034,0.11209377,WALK
-0.61291564,3.0382419,7.666533,-0.3266602,0.06047566,-0.07788532,WALK
-0.2896984,4.6830587,7.1158667,-0.3266602,0.06047566,-0.07788532,WALK
-0.2896984,4.6830587,7.1158667,0.56214875,-0.7654142,-0.49449542,WALK
-1.2258313,5.7487774,8.085519,0.56214875,-0.7654142,-0.49449542,WALK
-1.2258313,5.7487774,8.085519,0.18707748,-0.39584067,-0.50854534,WALK
-1.7381904,3.8187518,8.875605,0.18707748,-0.39584067,-0.50854534,WALK
-1.7381904,3.8187518,8.875605,-0.27107146,0.04153884,-0.15424347,WALK
-0.50517654,3.3399115,9.021651,-0.27107146,0.04153884,-0.15424347,WALK
-0.50517654,3.3399115,9.021651,-0.3559817,0.2302962,0.72356987,WALK
-0.8714894,3.9815574,8.65055,-0.3559817,0.2302962,0.72356987,WALK
-0.8714894,3.9815574,8.65055,0.060628377,0.26206118,0.74006325,WALK
0.038307227,4.5441947,10.254665,0.060628377,0.26206118,0.74006325,WALK
0.038307227,4.5441947,10.254665,0.10644327,0.15210545,0.35277468,WALK
0.34237084,4.0222588,7.829339,0.10644327,0.15210545,0.35277468,WALK
0.34237084,4.0222588,7.829339,0.3831652,0.010995574,0.056505036,WALK
-1.1971009,4.76925,6.8381395,0.3831652,0.010995574,0.056505036,WALK
-1.1971009,4.76925,6.8381395,0.23289238,-0.13744467,-0.29229903,WALK
-1.0007763,5.9139776,8.583512,0.23289238,-0.13744467,-0.29229903,WALK
-1.0007763,5.9139776,8.583512,-0.010842858,0.22418754,-0.12186762,WALK
-1.1300632,3.5889084,9.81892,-0.010842858,0.22418754,-0.12186762,WALK
-1.1300632,3.5889084,9.81892,-0.32910365,0.20280726,0.15485434,WALK
-0.23223756,3.394978,9.059958,-0.32910365,0.20280726,0.15485434,WALK
-0.23223756,3.394978,9.059958,-0.031001411,0.09590584,0.81397796,WALK
-0.4429273,4.1395745,8.657733,-0.031001411,0.09590584,0.81397796,WALK
-0.4429273,4.1395745,8.657733,0.17547104,0.059864793,0.4560109,WALK
-0.06703765,4.2664676,10.099042,0.17547104,0.059864793,0.4560109,WALK
-0.06703765,4.2664676,10.099042,-0.04444045,-0.21380283,-0.10170906,WALK
0.15801731,3.7253778,7.266701,-0.04444045,-0.21380283,-0.10170906,WALK
0.15801731,3.7253778,7.266701,0.12904528,-0.14966199,-0.19639318,WALK
-0.7685388,4.891354,7.6138606,0.12904528,-0.14966199,-0.19639318,WALK
-0.7685388,4.891354,7.6138606,0.08200866,-0.11789699,-0.4700608,WALK
-1.3431472,5.11192,9.016863,0.08200866,-0.11789699,-0.4700608,WALK
-1.3431472,5.11192,9.016863,0.037415497,0.21502456,-0.13347405,WALK
-1.7046716,3.2441432,9.198822,0.037415497,0.21502456,-0.13347405,WALK
-1.7046716,3.2441432,9.198822,-0.51175237,0.40194935,0.42424592,WALK
-0.6607997,2.89459,9.00968,-0.51175237,0.40194935,0.42424592,WALK
-0.6607997,2.89459,9.00968,-0.056046885,-0.087964594,1.0998629,WALK
-0.8355764,3.7086184,9.273043,-0.056046885,-0.087964594,1.0998629,WALK
-0.8355764,3.7086184,9.273043,0.11010846,0.007330383,0.713796,WALK
0.009576807,3.052607,11.107001,0.11010846,0.007330383,0.713796,WALK
0.009576807,3.052607,11.107001,-0.26557365,0.08979719,-0.06383542,WALK
0.5291186,3.4859576,7.1038957,-0.26557365,0.08979719,-0.06383542,WALK
0.5291186,3.4859576,7.1038957,0.32574388,-0.077579886,0.33261612,WALK
-0.4237737,3.9863458,8.971373,0.32574388,-0.077579886,0.33261612,WALK
-0.4237737,3.9863458,8.971373,0.02275473,0.24373524,0.21105394,WALK
-0.7254431,4.8003745,10.781389,0.02275473,0.24373524,0.21105394,WALK
-0.7254431,4.8003745,10.781389,-0.1684461,0.31764993,0.31978795,WALK
-1.4317327,3.3925838,8.162133,-0.1684461,0.31764993,0.31978795,WALK
-1.4317327,3.3925838,8.162133,-0.022449298,0.5137377,0.8164214,WALK
0.29688102,3.9336734,7.108684,-0.022449298,0.5137377,0.8164214,WALK
0.29688102,3.9336734,7.108684,0.44791695,-0.5540548,1.212873,WALK
0.10055647,3.5242648,9.80695,0.44791695,-0.5540548,1.212873,WALK
0.10055647,3.5242648,9.80695,0.14187345,0.19181168,0.22327125,WALK
-0.04070143,2.2816741,10.673651,0.14187345,0.19181168,0.22327125,WALK
-0.04070143,2.2816741,10.673651,-1.2264647,0.50701815,-0.75777835,WALK
0.31603462,3.1986535,9.285013,-1.2264647,0.50701815,-0.75777835,WALK
0.31603462,3.1986535,9.285013,0.074067414,-0.106901415,0.28680122,WALK
0.29927522,4.3957543,8.4231,0.074067414,-0.106901415,0.28680122,WALK
0.29927522,4.3957543,8.4231,0.2866485,-0.022602014,0.005192355,WALK
0.51714754,3.347094,11.205163,0.2866485,-0.022602014,0.005192355,WALK
0.51714754,3.347094,11.205163,0.00992656,-0.017104227,-0.61911196,WALK
0.5530606,2.597709,9.1150255,0.00992656,-0.017104227,-0.61911196,WALK
0.5530606,2.597709,9.1150255,0.40943244,-0.03481932,-0.29779682,WALK
0.23223756,3.7972038,8.437466,0.40943244,-0.03481932,-0.29779682,WALK
0.23223756,3.7972038,8.437466,0.45707992,-0.5338962,-0.6123924,WALK
-0.24660277,4.9395375,8.827721,0.45707992,-0.5338962,-0.6123924,WALK
-0.24660277,4.9395375,8.827721,-0.05971208,-0.17165314,-0.8542951,WALK
1.4101849,2.1284454,10.893917,-0.05971208,-0.17165314,-0.8542951,WALK
1.4101849,2.1284454,10.893917,-0.09758572,-0.743423,-0.70829827,WALK
0.9576807,2.6288335,8.50211,-0.09758572,-0.743423,-0.70829827,WALK
0.9576807,2.6288335,8.50211,0.2591596,-0.8136725,-1.2379184,WALK
0.06703765,4.55856,8.8444805,0.2591596,-0.8136725,-1.2379184,WALK
0.06703765,4.55856,8.8444805,-0.0926988,-0.7715228,-1.6484199,WALK
-0.08140286,5.1406503,8.899547,-0.0926988,-0.7715228,-1.6484199,WALK
-0.08140286,5.1406503,8.899547,-0.048716504,-0.20586158,-0.8897252,WALK
-0.33518824,3.4332852,9.1629095,-0.048716504,-0.20586158,-0.8897252,WALK
-0.33518824,3.4332852,9.1629095,0.039858956,-0.044593163,-0.6942484,WALK
-0.1604115,2.930503,9.95539,0.039858956,-0.044593163,-0.6942484,WALK
-0.1604115,2.930503,9.95539,-0.060322944,-0.344528,-0.41386122,WALK
-0.107739076,4.027047,8.389582,-0.060322944,-0.344528,-0.41386122,WALK
-0.107739076,4.027047,8.389582,-0.032223143,-0.111177474,0.048563786,WALK
0.59855044,3.9264908,9.799767,-0.032223143,-0.111177474,0.048563786,WALK
0.59855044,3.9264908,9.799767,0.08506299,-0.29077184,-0.12370021,WALK
0.40222588,2.825158,7.9777794,0.08506299,-0.29077184,-0.12370021,WALK
0.40222588,2.825158,7.9777794,-0.25518894,-0.34880406,-0.30268374,WALK
-0.37588966,3.7660792,7.7694836,-0.25518894,-0.34880406,-0.30268374,WALK
-0.37588966,3.7660792,7.7694836,0.03863723,-0.19975294,-0.5531385,WALK
-0.80205756,4.8386817,9.438242,0.03863723,-0.19975294,-0.5531385,WALK
-0.80205756,4.8386817,9.438242,-0.12140947,0.28893927,-0.36132678,WALK
-0.8858546,3.7541082,9.632173,-0.12140947,0.28893927,-0.36132678,WALK
-0.8858546,3.7541082,9.632173,0.06856962,0.1826487,0.18906279,WALK
-1.0103531,3.1411927,8.413524,0.06856962,0.1826487,0.18906279,WALK
-1.0103531,3.1411927,8.413524,-0.10797043,-0.16249016,0.6844745,WALK
-0.46926352,3.1364043,8.571542,-0.10797043,-0.16249016,0.6844745,WALK
-0.46926352,3.1364043,8.571542,0.17058411,-0.19547687,0.46395215,WALK
0.24420857,3.5218706,9.519646,0.17058411,-0.19547687,0.46395215,WALK
0.24420857,3.5218706,9.519646,0.0355829,0.13622294,0.025961773,WALK
-2.2242134,2.1547816,9.68724,0.0355829,0.13622294,0.025961773,WALK
-2.2242134,2.1547816,9.68724,-0.4280638,0.3555236,-0.2837469,WALK
-0.78529817,2.2385786,9.028834,-0.4280638,0.3555236,-0.2837469,WALK
-0.78529817,2.2385786,9.028834,0.33490688,-0.226631,0.3313944,WALK
-0.7613561,3.1124623,9.823709,0.33490688,-0.226631,0.3313944,WALK
-0.7613561,3.1124623,9.823709,0.397826,0.3145956,0.24953845,WALK
-0.7613561,4.0054994,8.391976,0.397826,0.3145956,0.24953845,WALK
-0.7613561,4.0054994,8.391976,0.04841107,0.3481932,0.4334089,WALK
-1.8411411,1.6017209,10.714352,0.04841107,0.3481932,0.4334089,WALK
-1.8411411,1.6017209,10.714352,-0.5508477,0.57787853,0.19456059,WALK
-0.33039984,2.9855695,9.356839,-0.5508477,0.57787853,0.19456059,WALK
-0.33039984,2.9855695,9.356839,0.17302758,0.12461651,0.21777347,WALK
-0.8738836,2.60968,10.59943,0.17302758,0.12461651,0.21777347,WALK
-0.8738836,2.60968,10.59943,-0.34681875,-0.21380283,-0.13041973,WALK
-1.1779473,2.753332,8.739136,-0.34681875,-0.21380283,-0.13041973,WALK
-1.1779473,2.753332,8.739136,-0.31566462,-0.33292156,-0.011301007,WALK
-1.8363527,2.042254,10.960955,-0.31566462,-0.33292156,-0.011301007,WALK
-1.8363527,2.042254,10.960955,-0.36453384,0.09896017,0.4016439,WALK
-0.9576807,1.8339585,10.036793,-0.36453384,0.09896017,0.4016439,WALK
-0.9576807,1.8339585,10.036793,0.23900102,-0.017715093,1.3704761,WALK
0.62488663,1.4532804,9.718364,0.23900102,-0.017715093,1.3704761,WALK
0.62488663,1.4532804,9.718364,0.3831652,0.2950479,1.6496416,WALK
0.30645782,2.8203697,8.8444805,0.3831652,0.2950479,1.6496416,WALK
0.30645782,2.8203697,8.8444805,0.29764408,0.8765916,1.5109752,WALK
0.36631286,3.1387985,9.660903,0.29764408,0.8765916,1.5109752,WALK
0.36631286,3.1387985,9.660903,0.1656972,0.6591236,1.3710871,WALK
0.6584055,2.9161377,11.116578,0.1656972,0.6591236,1.3710871,WALK
0.6584055,2.9161377,11.116578,0.3538437,0.28405234,1.6765196,WALK
-1.103727,2.731784,8.131008,0.3538437,0.28405234,1.6765196,WALK
-1.103727,2.731784,8.131008,-0.04138612,1.1166617,1.4559973,WALK
-1.0223241,3.2369606,9.5795,-0.04138612,1.1166617,1.4559973,WALK
-1.0223241,3.2369606,9.5795,-0.11102476,0.66156703,1.1499538,WALK
-0.82599956,2.3942018,9.2586775,-0.11102476,0.66156703,1.1499538,UNKNOWN
-0.82599956,2.3942018,9.2586775,-0.02855795,0.32925636,0.44806966,UNKNOWN
-0.6440403,3.3662477,9.490914,-0.02855795,0.32925636,0.44806966,STAND
-0.6440403,3.3662477,9.490914,0.24938573,0.47769663,0.659429,STAND
0.4357447,3.7684734,9.012074,0.24938573,0.47769663,0.659429,STAND
0.4357447,3.7684734,9.012074,-0.007788532,-0.40683624,0.1255328,STAND
0.533907,3.526659,8.9163065,-0.007788532,-0.40683624,0.1255328,STAND
0.533907,3.526659,8.9163065,-0.07437284,-0.3622431,-0.046731193,STAND
0.08619126,3.0119057,9.713575,-0.07437284,-0.3622431,-0.046731193,STAND
0.08619126,3.0119057,9.713575,-0.14767668,-0.0,-0.09315695,STAND
0.61291564,3.0190883,9.081507,-0.14767668,-0.0,-0.09315695,STAND
0.61291564,3.0190883,9.081507,-0.09819659,-0.009773844,-0.04917465,STAND
0.06464344,2.896984,9.478944,-0.09819659,-0.009773844,-0.04917465,STAND
0.06464344,2.896984,9.478944,-0.058490347,0.07941248,-0.011301007,STAND
0.39264908,2.9257145,9.397541,-0.058490347,0.07941248,-0.011301007,STAND
0.39264908,2.9257145,9.397541,-0.013897184,0.034208454,0.013133603,STAND
0.7062895,3.1531637,8.791808,-0.013897184,0.034208454,0.013133603,STAND
0.7062895,3.1531637,8.791808,0.06734789,-0.045814894,0.03268129,STAND
0.2753332,2.9999347,9.498097,0.06734789,-0.045814894,0.03268129,STAND
0.2753332,2.9999347,9.498097,-0.1348485,0.07574729,-0.087659165,STAND
0.842759,2.9592333,9.665691,-0.1348485,0.07574729,-0.087659165,STAND
0.842759,2.9592333,9.665691,-0.032223143,0.030543262,-0.008246681,STAND
0.49799395,3.0095115,9.62499,-0.032223143,0.030543262,-0.008246681,STAND
0.49799395,3.0095115,9.62499,-0.038331795,-0.116675265,0.0076358155,STAND
0.20590134,2.8921957,8.810962,-0.038331795,-0.116675265,0.0076358155,STAND
0.20590134,2.8921957,8.810962,0.14614952,-0.04520403,-0.027794369,STAND
0.22744916,3.0597897,9.00968,0.14614952,-0.04520403,-0.027794369,STAND
0.22744916,3.0597897,9.00968,0.060628377,0.054367006,-0.04184427,STAND
0.40701428,3.1124623,9.507674,0.060628377,0.054367006,-0.04184427,STAND
0.40701428,3.1124623,9.507674,-4.5814895E-4,0.08674286,0.09865474,STAND
0.2896984,3.0095115,9.292196,-4.5814895E-4,0.08674286,0.09865474,STAND
0.2896984,3.0095115,9.292196,0.051465396,0.1020145,-0.020463986,STAND
0.45968673,3.2513258,9.033623,0.051465396,0.1020145,-0.020463986,STAND
0.45968673,3.2513258,9.033623,-0.05971208,0.032986723,-0.07238753,STAND
0.39743748,2.8395233,9.969755,-0.05971208,0.032986723,-0.07238753,STAND
0.39743748,2.8395233,9.969755,0.011148291,-0.17531833,-0.038789943,STAND
-0.1436521,3.040636,8.827721,0.011148291,-0.17531833,-0.038789943,STAND
-0.1436521,3.040636,8.827721,0.02031127,0.045814894,-0.04184427,STAND
0.39983168,3.205836,9.5292225,0.02031127,0.045814894,-0.04184427,STAND
0.39983168,3.205836,9.5292225,-0.02367103,-0.014049901,0.07849618,STAND
0.0,2.7748797,9.993697,-0.02367103,-0.014049901,0.07849618,STAND
0.0,2.7748797,9.993697,0.05024367,0.1777618,0.06688975,STAND
0.557849,3.1962593,8.880393,0.05024367,0.1777618,0.06688975,STAND
0.557849,3.1962593,8.880393,0.12293663,0.0580322,0.050396383,STAND
0.36391866,3.3758245,9.251494,0.12293663,0.0580322,0.050396383,STAND
0.36391866,3.3758245,9.251494,0.03680463,-0.09162979,-0.06383542,STAND
0.19153613,3.0573955,9.19164,0.03680463,-0.09162979,-0.06383542,STAND
0.19153613,3.0573955,9.19164,-0.09330966,-0.05681047,-0.19761491,STAND
-0.007182605,3.169923,9.261071,-0.09330966,-0.05681047,-0.19761491,STAND
-0.007182605,3.169923,9.261071,-0.084146686,0.047647487,-0.13530666,STAND
0.25857377,3.8977604,9.103054,-0.084146686,0.047647487,-0.13530666,STAND
0.25857377,3.8977604,9.103054,-0.012675454,-0.20891592,-0.07422013,STAND
-0.58897364,4.0581717,6.5915365,-0.012675454,-0.20891592,-0.07422013,UNKNOWN
-0.58897364,4.0581717,6.5915365,-0.1769982,-0.05681047,-0.03756821,UNKNOWN
-0.80205756,4.0797195,8.521263,-0.1769982,-0.05681047,-0.03756821,WALK
-0.80205756,4.0797195,8.521263,-0.1769982,0.40011674,-0.09987647,WALK
-0.019153614,3.1004913,10.539576,-0.1769982,0.40011674,-0.09987647,WALK
-0.019153614,3.1004913,10.539576,-0.09025534,-0.18570304,0.45234573,WALK
0.31124622,1.42455,9.361628,-0.09025534,-0.18570304,0.45234573,WALK
0.31124622,1.42455,9.361628,1.5271631E-4,-0.25534168,0.6301075,WALK
0.25378537,2.231396,9.574712,1.5271631E-4,-0.25534168,0.6301075,WALK
0.25378537,2.231396,9.574712,0.1638646,0.16065755,0.64660084,WALK
-0.60333884,2.3654714,8.942642,0.1638646,0.16065755,0.64660084,WALK
-0.60333884,2.3654714,8.942642,0.06918049,0.38240165,1.2373075,WALK
0.059855044,0.58657944,9.711182,0.06918049,0.38240165,1.2373075,WALK
0.059855044,0.58657944,9.711182,0.0795652,0.5412266,1.8322903,WALK
-0.33279404,0.2896984,7.644985,0.0795652,0.5412266,1.8322903,WALK
-0.33279404,0.2896984,7.644985,0.011148291,0.5009095,2.2586741,WALK
-0.6823475,0.4429273,9.883564,0.011148291,0.5009095,2.2586741,WALK
-0.6823475,0.4429273,9.883564,-0.40973786,0.2950479,0.7351763,WALK
-1.127669,0.7613561,10.8747635,-0.40973786,0.2950479,0.7351763,WALK
-1.127669,0.7613561,10.8747635,-0.106137834,0.8026769,0.69974613,WALK
-1.0175357,2.054225,10.510845,-0.106137834,0.8026769,0.69974613,WALK
-1.0175357,2.054225,10.510845,0.46868637,0.5027421,0.65209866,WALK
-1.6424223,3.9743748,9.950602,0.46868637,0.5027421,0.65209866,WALK
-1.6424223,3.9743748,9.950602,0.59635717,0.33169982,0.122478485,WALK
-2.645593,4.982633,8.169315,0.59635717,0.33169982,0.122478485,UNKNOWN
-2.645593,4.982633,8.169315,-0.008399397,0.07574729,-0.06505715,UNKNOWN
-2.348712,5.7846904,6.562806,-0.008399397,0.07574729,-0.06505715,SIT
-2.348712,5.7846904,6.562806,0.22983804,0.72204274,-0.301462,SIT
-3.5003228,5.3992243,7.1110783,0.22983804,0.72204274,-0.301462,SIT
-3.5003228,5.3992243,7.1110783,0.2359467,-0.19181168,-0.10048734,SIT
-3.2441432,5.315427,7.4558434,0.2359467,-0.19181168,-0.10048734,SIT
-3.2441432,5.315427,7.4558434,0.20112738,-0.2724459,0.038789943,SIT
-2.7605145,5.4040127,7.67611,0.20112738,-0.2724459,0.038789943,SIT
-2.7605145,5.4040127,7.67611,0.15592335,-0.089186326,-0.03756821,SIT
-2.834735,5.329792,7.3864117,0.15592335,-0.089186326,-0.03756821,SIT
-2.834735,5.329792,7.3864117,-0.030390546,-0.14538592,3.0543262E-4,SIT
-2.5091233,4.994604,7.700052,-0.030390546,-0.14538592,3.0543262E-4,SIT
-2.5091233,4.994604,7.700052,-0.0016798794,-0.14355333,-0.07238753,SIT
-2.348712,5.054459,8.071154,-0.0016798794,-0.14355333,-0.07238753,SIT
-2.348712,5.054459,8.071154,-0.050549097,-0.13255776,-0.00580322,SIT
-2.5474305,4.560954,7.891588,-0.050549097,-0.13255776,-0.00580322,SIT
-2.5474305,4.560954,7.891588,-0.12629639,-0.019547688,-0.015577064,SIT
-2.4277205,4.747702,8.660127,-0.12629639,-0.019547688,-0.015577064,SIT
-2.4277205,4.747702,8.660127,-0.07498371,-0.048258353,0.035124753,SIT
-2.2840683,4.7788267,8.332121,-0.07498371,-0.048258353,0.035124753,SIT
-2.2840683,4.7788267,8.332121,-0.08170322,0.0067195175,0.0015271631,SIT
-2.504335,4.3885717,8.538023,-0.08170322,0.0067195175,0.0015271631,SIT
-2.504335,4.3885717,8.538023,-0.04810564,0.0036651916,0.00580322,SIT
-2.147599,4.5537715,8.178892,-0.04810564,0.0036651916,0.00580322,SIT
-2.147599,4.5537715,8.178892,0.006872234,-0.047036625,0.025350908,SIT
-2.2936451,4.43885,8.449437,0.006872234,-0.047036625,0.025350908,SIT
-2.2936451,4.43885,8.449437,-0.027947085,-0.03481932,-0.0021380284,SIT
-2.1308396,4.6686935,8.612243,-0.027947085,-0.03481932,-0.0021380284,SIT
-2.1308396,4.6686935,8.612243,-0.052381694,0.01038471,0.04550946,SIT
-2.267309,4.498705,8.169315,-0.052381694,0.01038471,0.04550946,SIT
-2.267309,4.498705,8.169315,0.027641652,0.017715093,9.162979E-4,SIT
-2.255338,4.5034933,8.451831,0.027641652,0.017715093,9.162979E-4,SIT
-2.255338,4.5034933,8.451831,0.018478673,0.01038471,0.07238753,SIT
-2.0326772,4.661511,8.492533,0.018478673,0.01038471,0.07238753,SIT
-2.0326772,4.661511,8.492533,7.6358154E-4,0.032986723,0.04795292,SIT
-2.1859062,4.5298295,8.166922,7.6358154E-4,0.032986723,0.04795292,SIT
-2.1859062,4.5298295,8.166922,0.012980887,0.018325957,0.015577064,SIT
-2.2888567,4.489128,8.305785,0.012980887,0.018325957,0.015577064,SIT
-2.2888567,4.489128,8.305785,-0.032223143,-0.032375857,-0.004581489,SIT
-2.2337902,4.5896845,8.39437,-0.032223143,-0.032375857,-0.004581489,SIT
-2.2337902,4.5896845,8.39437,-0.016340645,0.009162978,0.0143553335,SIT
-2.0709844,4.548983,8.219594,-0.016340645,0.009162978,0.0143553335,SIT
-2.0709844,4.548983,8.219594,-0.015118915,0.008552114,-0.008246681,SIT
-2.3080103,4.6782703,8.049605,-0.015118915,0.008552114,-0.008246681,SIT
-2.3080103,4.6782703,8.049605,-0.018784106,-0.018936822,-0.07727446,SIT
-1.7525556,2.0949266,9.888352,-0.018784106,-0.018936822,-0.07727446,UNKNOWN
-1.7525556,2.0949266,9.888352,-0.9503536,-0.6914995,-0.7816021,UNKNOWN
-1.1300632,1.982399,9.299378,-0.9503536,-0.6914995,-0.7816021,UNKNOWN
-1.1300632,1.982399,9.299378,-0.26740626,-0.7263188,-0.8689558,UNKNOWN
