_key,accXAvg,accXIq,accXKurtosis,accXMax,accXMedian,accXMin,accXPercentil,accXSkewness,accXStd,accXVariance,accYAvg,accYIq,accYKurtosis,accYMax,accYMedian,accYMin,accYPercentil,accYSkewness,accYStd,accYVariance,accZAvg,accZIq,accZKurtosis,accZMax,accZMedian,accZMin,accZPercentil,accZSkewness,accZStd,accZVariance,gyroXAvg,gyroXIq,gyroXKurtosis,gyroXMax,gyroXMedian,gyroXMin,gyroXPercentil,gyroXSkewness,gyroXStd,gyroXVariance,gyroYAvg,gyroYIq,gyroYKurtosis,gyroYMax,gyroYMedian,gyroYMin,gyroYPercentil,gyroYSkewness,gyroYStd,gyroYVariance,gyroZAvg,gyroZIq,gyroZKurtosis,gyroZMax,gyroZMedian,gyroZMin,gyroZPercentil,gyroZSkewness,gyroZStd,gyroZVariance,label
-MfvFGrFlacSuxx3Pk81,-9.5648,0.6760000000000002,2.1454235388697445,-8.262,-9.506499999999999,-10.506,-9.34825,0.7469689492496586,0.5983352460507961,0.35800506666666676,-9.560727272727272,0.6180000000000003,2.5180720995603947,-8.262,-9.517,-10.506,-9.371,0.7429825103715271,0.56779135092199,0.32238701818181836,-9.560727272727272,0.6180000000000003,2.5180720995603947,-8.262,-9.517,-10.506,-9.371,0.7429825103715271,0.56779135092199,0.32238701818181836,0.006199999999999997,0.157,0.18397880805973,0.205,0.023,-0.195,0.078,-0.21409237369064463,0.11611373734403695,0.013482399999999999,0.006199999999999997,0.33975,0.18397880805973,0.205,0.023,-0.195,0.078,-0.21409237369064463,0.11611373734403695,0.013482399999999999,0.006199999999999997,0.1225,0.18397880805973,0.205,0.023,-0.195,0.078,-0.21409237369064463,0.11611373734403695,0.013482399999999999,stand
-MfvFJay1MBkpKgKxu5o,-9.819250000000002,0.7099999999999991,1.5722829407376633,-9.237,-9.795,-10.863,-9.36625,-1.1010933581690023,0.5202394366333364,0.2706490714285712,-9.813333333333336,0.6129999999999995,2.109082554458804,-9.237,-9.766,-10.863,-9.409500000000001,-1.179474225996762,0.48696303761168547,0.23713299999999982,-9.813333333333336,0.6129999999999995,2.109082554458804,-9.237,-9.766,-10.863,-9.409500000000001,-1.179474225996762,0.48696303761168547,0.23713299999999982,0.020000000000000004,0.054,3.0561702686621244,0.195,0.0215,-0.087,0.03775,1.1022232694902283,0.07600438583836243,0.005776666666666667,0.020000000000000004,0.31725000000000003,3.0561702686621244,0.195,0.0215,-0.087,0.03775,1.1022232694902283,0.07600438583836243,0.005776666666666667,0.020000000000000004,0.04725,3.0561702686621244,0.195,0.0215,-0.087,0.03775,1.1022232694902283,0.07600438583836243,0.005776666666666667,stand
-MfvFMxbo03aHpWruLaF,-9.495444444444445,0.10550000000000104,6.483660229274008,-8.919,-9.405,-10.691,-9.353,-2.2212757891231925,0.47799192229343995,0.22847627777777796,-9.495444444444445,0.10550000000000104,6.483660229274008,-8.919,-9.405,-10.691,-9.353,-2.2212757891231925,0.47799192229343995,0.22847627777777796,-9.5283,0.19899999999999984,5.08612589521221,-8.919,-9.413,-10.691,-9.3535,-1.9022626814902048,0.46247691834295923,0.21388490000000016,0.0017000000000000012,0.077,2.275170354486354,0.146,-0.004,-0.061,0.0225,1.4146638836863434,0.06328779064278073,0.004005344444444444,0.0017000000000000012,0.13774999999999998,2.275170354486354,0.146,-0.004,-0.061,0.0225,1.4146638836863434,0.06328779064278073,0.004005344444444444,0.0017000000000000012,0.02925,2.275170354486354,0.146,-0.004,-0.061,0.0225,1.4146638836863434,0.06328779064278073,0.004005344444444444,stand
-MfvFP9CLPefNbOMLYg0,-9.4747,0.4894999999999996,4.836107907171244,-8.21,-9.431000000000001,-11.567,-9.12325,-1.5746412627985835,0.8488449734132192,0.7205377888888888,-9.4747,0.4894999999999996,4.836107907171244,-8.21,-9.431000000000001,-11.567,-9.12325,-1.5746412627985835,0.8488449734132192,0.7205377888888888,-9.4747,0.4894999999999996,4.836107907171244,-8.21,-9.431000000000001,-11.567,-9.12325,-1.5746412627985835,0.8488449734132192,0.7205377888888888,-0.014899999999999997,0.07625,2.0491553441543324,0.08,-0.0015,-0.153,0.0205,-1.0041719776341045,0.06287103201528241,0.003952766666666666,-0.014899999999999997,0.19825,2.0491553441543324,0.08,-0.0015,-0.153,0.0205,-1.0041719776341045,0.06287103201528241,0.003952766666666666,-0.014899999999999997,0.03275,2.0491553441543324,0.08,-0.0015,-0.153,0.0205,-1.0041719776341045,0.06287103201528241,0.003952766666666666,stand
-MfvFZWX3nxwJVnustr6,-7.9839,4.40775,0.5693885195213495,0.766,-9.006,-14.571,-5.8825,0.9440479516127737,4.701543256090376,22.104508988888895,-7.9839,4.40775,0.5693885195213495,0.766,-9.006,-14.571,-5.8825,0.9440479516127737,4.701543256090376,22.104508988888895,-7.9839,4.40775,0.5693885195213495,0.766,-9.006,-14.571,-5.8825,0.9440479516127737,4.701543256090376,22.104508988888895,-0.1701,0.37725000000000003,1.4031249543484403,0.202,-0.10200000000000001,-0.847,0.041,-1.1717325359605038,0.31437749778110885,0.0988332111111111,-0.1701,1.80525,1.4031249543484403,0.202,-0.10200000000000001,-0.847,0.041,-1.1717325359605038,0.31437749778110885,0.0988332111111111,-0.1701,0.8049999999999999,1.4031249543484403,0.202,-0.10200000000000001,-0.847,0.041,-1.1717325359605038,0.31437749778110885,0.0988332111111111,stand
-MfvFdtyAqfFi21X3USh,-5.902818181818182,9.918999999999999,-0.7496283547728559,0.658,-5.855,-15.438,0.354,-0.20213897406568698,5.243289689082262,27.492086763636365,-5.902818181818182,9.918999999999999,-0.7496283547728559,0.658,-5.855,-15.438,0.354,-0.20213897406568698,5.243289689082262,27.492086763636365,-5.902818181818182,9.918999999999999,-0.7496283547728559,0.658,-5.855,-15.438,0.354,-0.20213897406568698,5.243289689082262,27.492086763636365,-0.13379999999999997,0.54125,1.2384826213835876,0.542,-0.006999999999999999,-1.11,0.09825,-0.914121707323386,0.4654008547000699,0.21659795555555558,-0.13379999999999997,1.24425,1.2384826213835876,0.542,-0.006999999999999999,-1.11,0.09825,-0.914121707323386,0.4654008547000699,0.21659795555555558,-0.13379999999999997,0.25125,1.2384826213835876,0.542,-0.006999999999999999,-1.11,0.09825,-0.914121707323386,0.4654008547000699,0.21659795555555558,stand
-MfvFhNKAOpM7OqUqSCQ,-9.681000000000001,0.5914999999999999,7.208906326096966,-8.969,-9.4515,-12.066,-9.16325,-2.5492406156359175,0.8874288703890586,0.7875300000000005,-9.681000000000001,0.5914999999999999,7.208906326096966,-8.969,-9.4515,-12.066,-9.16325,-2.5492406156359175,0.8874288703890586,0.7875300000000005,-9.681000000000001,0.5914999999999999,7.208906326096966,-8.969,-9.4515,-12.066,-9.16325,-2.5492406156359175,0.8874288703890586,0.7875300000000005,-0.0522,0.13125,-0.6169358933148872,0.059,-0.0305,-0.177,0.00275,-0.5830440640272069,0.07921391572472886,0.006274844444444445,-0.0522,0.30400000000000005,-0.6169358933148872,0.059,-0.0305,-0.177,0.00275,-0.5830440640272069,0.07921391572472886,0.006274844444444445,-0.0522,0.0655,-0.6169358933148872,0.059,-0.0305,-0.177,0.00275,-0.5830440640272069,0.07921391572472886,0.006274844444444445,stand
-MfvFk3VnjGv85EINgWe,-9.446099999999998,0.4872500000000013,5.350788328676013,-8.193,-9.523499999999999,-9.901,-9.28825,2.1250038118767907,0.48914107258426887,0.23925898888888897,-9.446099999999998,0.4872500000000013,5.350788328676013,-8.193,-9.523499999999999,-9.901,-9.28825,2.1250038118767907,0.48914107258426887,0.23925898888888897,-9.446099999999998,0.4872500000000013,5.350788328676013,-8.193,-9.523499999999999,-9.901,-9.28825,2.1250038118767907,0.48914107258426887,0.23925898888888897,-0.0994,0.3465,2.538744314997068,0.286,-0.048,-0.859,0.11474999999999999,-1.2503462174983047,0.3313434606098163,0.10978848888888887,-0.0994,0.2975,2.538744314997068,0.286,-0.048,-0.859,0.11474999999999999,-1.2503462174983047,0.3313434606098163,0.10978848888888887,-0.0994,0.09375,2.538744314997068,0.286,-0.048,-0.859,0.11474999999999999,-1.2503462174983047,0.3313434606098163,0.10978848888888887,stand
-MfvFpHkhxK1HCl_nyrO,-9.68772727272727,0.577,3.476860034807693,-7.381,-9.606,-11.68,-9.398,0.4639867991971101,1.0160191032563404,1.032294818181818,-9.68772727272727,0.577,3.476860034807693,-7.381,-9.606,-11.68,-9.398,0.4639867991971101,1.0160191032563404,1.032294818181818,-9.68772727272727,0.577,3.476860034807693,-7.381,-9.606,-11.68,-9.398,0.4639867991971101,1.0160191032563404,1.032294818181818,-0.034100000000000005,0.082,7.619980137092219,0.066,-0.010499999999999999,-0.385,0.04825,-2.6208540530786184,0.12941273335941697,0.016747655555555553,-0.034100000000000005,0.12525,7.619980137092219,0.066,-0.010499999999999999,-0.385,0.04825,-2.6208540530786184,0.12941273335941697,0.016747655555555553,-0.034100000000000005,0.08475,7.619980137092219,0.066,-0.010499999999999999,-0.385,0.04825,-2.6208540530786184,0.12941273335941697,0.016747655555555553,stand
-MfvFrwfFkGqLxGXXmUU,-9.454200000000002,0.35774999999999935,7.04274142827908,-8.176,-9.5115,-9.836,-9.406500000000001,2.490249730915759,0.4776520816568383,0.22815151111111096,-9.454200000000002,0.35774999999999935,7.04274142827908,-8.176,-9.5115,-9.836,-9.406500000000001,2.490249730915759,0.4776520816568383,0.22815151111111096,-9.454200000000002,0.35774999999999935,7.04274142827908,-8.176,-9.5115,-9.836,-9.406500000000001,2.490249730915759,0.4776520816568383,0.22815151111111096,0.015000000000000003,0.3755,0.4494865390638463,0.494,-0.003,-0.329,0.15925,0.5715450454221837,0.24237665820875667,0.05874644444444445,0.015000000000000003,0.4015,0.4494865390638463,0.494,-0.003,-0.329,0.15925,0.5715450454221837,0.24237665820875667,0.05874644444444445,0.015000000000000003,0.0665,0.4494865390638463,0.494,-0.003,-0.329,0.15925,0.5715450454221837,0.24237665820875667,0.05874644444444445,stand
-MfvJ4SddvOsdB97wDs5,-8.653454545454547,0.33999999999999986,0.678169233260089,-8.291,-8.663,-9.216,-8.426,-0.8195289569261577,0.26670859140131326,0.07113347272727268,-8.653454545454547,0.33999999999999986,0.678169233260089,-8.291,-8.663,-9.216,-8.426,-0.8195289569261577,0.26670859140131326,0.07113347272727268,-8.653454545454547,0.33999999999999986,0.678169233260089,-8.291,-8.663,-9.216,-8.426,-0.8195289569261577,0.26670859140131326,0.07113347272727268,-0.018999999999999996,0.1345,4.712450104954331,0.147,0.02,-0.414,0.07325000000000001,-1.997513733244739,0.15738840843947532,0.02477111111111111,-0.018999999999999996,0.22125,4.712450104954331,0.147,0.02,-0.414,0.07325000000000001,-1.997513733244739,0.15738840843947532,0.02477111111111111,-0.018999999999999996,0.0905,4.712450104954331,0.147,0.02,-0.414,0.07325000000000001,-1.997513733244739,0.15738840843947532,0.02477111111111111,stand
-MfvJGQMXGLVMoxqMNpJ,-8.51581818181818,1.2119999999999997,-0.2694563313789211,-7.593,-8.43,-9.823,-7.968,-0.5469723387296465,0.6808482677046067,0.46355436363636376,-8.51581818181818,1.2119999999999997,-0.2694563313789211,-7.593,-8.43,-9.823,-7.968,-0.5469723387296465,0.6808482677046067,0.46355436363636376,-8.51581818181818,1.2119999999999997,-0.2694563313789211,-7.593,-8.43,-9.823,-7.968,-0.5469723387296465,0.6808482677046067,0.46355436363636376,0.022700000000000005,0.1225,3.8808901918855527,0.333,0.0245,-0.13,0.05725,1.552637678238705,0.12818913977227384,0.01643245555555556,0.022700000000000005,0.645,3.8808901918855527,0.333,0.0245,-0.13,0.05725,1.552637678238705,0.12818913977227384,0.01643245555555556,0.022700000000000005,0.12825,3.8808901918855527,0.333,0.0245,-0.13,0.05725,1.552637678238705,0.12818913977227384,0.01643245555555556,stand
-MfvJKOAKEmO54LAGbzW,-8.401727272727273,0.9340000000000002,-1.1212171044539865,-7.506,-8.596,-9.288,-7.877,0.13430774035631,0.5550146107822913,0.3080412181818183,-8.401727272727273,0.9340000000000002,-1.1212171044539865,-7.506,-8.596,-9.288,-7.877,0.13430774035631,0.5550146107822913,0.3080412181818183,-8.401727272727273,0.9340000000000002,-1.1212171044539865,-7.506,-8.596,-9.288,-7.877,0.13430774035631,0.5550146107822913,0.3080412181818183,0.019700000000000002,0.18175000000000002,-0.9934579325237696,0.193,0.011500000000000003,-0.119,0.10875,0.2847025614384355,0.10130377858478704,0.010262455555555557,0.019700000000000002,0.40575,-0.9934579325237696,0.193,0.011500000000000003,-0.119,0.10875,0.2847025614384355,0.10130377858478704,0.010262455555555557,0.019700000000000002,0.1555,-0.9934579325237696,0.193,0.011500000000000003,-0.119,0.10875,0.2847025614384355,0.10130377858478704,0.010262455555555557,stand
-MfvJNlGDNC5LeTatd3I,-9.005799999999999,1.2184999999999988,1.467617239828793,-6.952,-8.7525,-11.268,-8.597000000000001,-0.3689081539568511,1.1450011935947202,1.3110277333333338,-9.005799999999999,1.2184999999999988,1.467617239828793,-6.952,-8.7525,-11.268,-8.597000000000001,-0.3689081539568511,1.1450011935947202,1.3110277333333338,-9.005799999999999,1.2184999999999988,1.467617239828793,-6.952,-8.7525,-11.268,-8.597000000000001,-0.3689081539568511,1.1450011935947202,1.3110277333333338,0.043699999999999996,0.2145,2.8544795572310235,0.511,0.002,-0.143,0.121,1.6657570842793288,0.19917555070841397,0.03967089999999999,0.043699999999999996,0.53625,2.8544795572310235,0.511,0.002,-0.143,0.121,1.6657570842793288,0.19917555070841397,0.03967089999999999,0.043699999999999996,0.22500000000000003,2.8544795572310235,0.511,0.002,-0.143,0.121,1.6657570842793288,0.19917555070841397,0.03967089999999999,stand
-MfvJQd2A-8jyLcqQr3i,-8.9046,1.5744999999999987,3.1235583548306334,-6.204,-8.5275,-13.013,-8.1225,-1.1861504480786194,1.7797699102224798,3.1675809333333333,-8.9046,1.5744999999999987,3.1235583548306334,-6.204,-8.5275,-13.013,-8.1225,-1.1861504480786194,1.7797699102224798,3.1675809333333333,-8.9046,1.5744999999999987,3.1235583548306334,-6.204,-8.5275,-13.013,-8.1225,-1.1861504480786194,1.7797699102224798,3.1675809333333333,0.05750000000000001,0.22625,0.505115302111447,0.448,0.018500000000000003,-0.221,0.1545,0.9443207520363921,0.20563681576993942,0.042286500000000005,0.05750000000000001,0.9835,0.505115302111447,0.448,0.018500000000000003,-0.221,0.1545,0.9443207520363921,0.20563681576993942,0.042286500000000005,0.05750000000000001,0.16449999999999998,0.505115302111447,0.448,0.018500000000000003,-0.221,0.1545,0.9443207520363921,0.20563681576993942,0.042286500000000005,stand
-MfvJUXDD3HM2Pc1qh8J,-8.918999999999999,1.8079999999999998,0.06429075081673385,-7.226,-8.816,-11.059,-8.263,-0.6018556948267065,1.1002074349866935,1.2104563999999995,-8.918999999999999,1.8079999999999998,0.06429075081673385,-7.226,-8.816,-11.059,-8.263,-0.6018556948267065,1.1002074349866935,1.2104563999999995,-8.918999999999999,1.8079999999999998,0.06429075081673385,-7.226,-8.816,-11.059,-8.263,-0.6018556948267065,1.1002074349866935,1.2104563999999995,0.002899999999999999,0.2185,0.585947546244082,0.308,-0.0085,-0.336,0.123,-0.08306733016485641,0.18213148486128852,0.033171877777777775,0.002899999999999999,0.8415,0.585947546244082,0.308,-0.0085,-0.336,0.123,-0.08306733016485641,0.18213148486128852,0.033171877777777775,0.002899999999999999,0.10875,0.585947546244082,0.308,-0.0085,-0.336,0.123,-0.08306733016485641,0.18213148486128852,0.033171877777777775,stand
-MfvJXyHWePkY-9gwlmm,-8.560099999999998,1.2140000000000004,0.3308344434679018,-7.739,-8.378499999999999,-10.096,-7.866,-1.0919213737426208,0.7876816122153814,0.6204423222222224,-8.560099999999998,1.2140000000000004,0.3308344434679018,-7.739,-8.378499999999999,-10.096,-7.866,-1.0919213737426208,0.7876816122153814,0.6204423222222224,-8.560099999999998,1.2140000000000004,0.3308344434679018,-7.739,-8.378499999999999,-10.096,-7.866,-1.0919213737426208,0.7876816122153814,0.6204423222222224,-0.0096,0.14675,0.9855548408364685,0.222,-0.026,-0.301,0.0765,-0.13749390297667904,0.150191137480804,0.022557377777777773,-0.0096,0.8187500000000001,0.9855548408364685,0.222,-0.026,-0.301,0.0765,-0.13749390297667904,0.150191137480804,0.022557377777777773,-0.0096,0.10525,0.9855548408364685,0.222,-0.026,-0.301,0.0765,-0.13749390297667904,0.150191137480804,0.022557377777777773,stand
-MfvJ_kqx0EXLoBw2g3C,-8.368300000000001,1.5,1.5645277134769442,-7.043,-8.403500000000001,-10.794,-7.33,-0.9852951557612928,1.1089532652210572,1.2297773444444444,-8.368300000000001,1.5,1.5645277134769442,-7.043,-8.403500000000001,-10.794,-7.33,-0.9852951557612928,1.1089532652210572,1.2297773444444444,-8.368300000000001,1.5,1.5645277134769442,-7.043,-8.403500000000001,-10.794,-7.33,-0.9852951557612928,1.1089532652210572,1.2297773444444444,0.010600000000000004,0.22875,1.114550016653797,0.343,0.018000000000000002,-0.17,0.09375,0.9126659791096895,0.15523115380332364,0.024096711111111117,0.010600000000000004,1.133,1.114550016653797,0.343,0.018000000000000002,-0.17,0.09375,0.9126659791096895,0.15523115380332364,0.024096711111111117,0.010600000000000004,0.10450000000000001,1.114550016653797,0.343,0.018000000000000002,-0.17,0.09375,0.9126659791096895,0.15523115380332364,0.024096711111111117,stand
-MfvJct00TjtmXmRuKZs,-8.809090909090909,1.1080000000000005,0.7704985284889183,-7.002,-8.763,-10.288,-8.372,0.30264275557158443,0.8960357643024587,0.8028800909090913,-8.809090909090909,1.1080000000000005,0.7704985284889183,-7.002,-8.763,-10.288,-8.372,0.30264275557158443,0.8960357643024587,0.8028800909090913,-8.809090909090909,1.1080000000000005,0.7704985284889183,-7.002,-8.763,-10.288,-8.372,0.30264275557158443,0.8960357643024587,0.8028800909090913,-0.009299999999999978,0.27925,0.4992381918428528,0.443,-0.06,-0.343,0.11875000000000001,0.7741844876048116,0.23028631936979863,0.05303178888888889,-0.009299999999999978,1.0055,0.4992381918428528,0.443,-0.06,-0.343,0.11875000000000001,0.7741844876048116,0.23028631936979863,0.05303178888888889,-0.009299999999999978,0.09325,0.4992381918428528,0.443,-0.06,-0.343,0.11875000000000001,0.7741844876048116,0.23028631936979863,0.05303178888888889,stand
-MfvJfmiLGekpXrZuPyn,-8.616900000000001,1.1237499999999994,0.7756491851669356,-6.355,-8.77,-10.396,-8.1255,0.745811003128604,1.1708176108078399,1.3708138777777783,-8.616900000000001,1.1237499999999994,0.7756491851669356,-6.355,-8.77,-10.396,-8.1255,0.745811003128604,1.1708176108078399,1.3708138777777783,-8.616900000000001,1.1237499999999994,0.7756491851669356,-6.355,-8.77,-10.396,-8.1255,0.745811003128604,1.1708176108078399,1.3708138777777783,-0.003399999999999994,0.1885,2.9346154324501343,0.429,-0.0045000000000000005,-0.286,0.052750000000000005,1.1232108987146239,0.18869976152608142,0.035607599999999996,-0.003399999999999994,0.5945,2.9346154324501343,0.429,-0.0045000000000000005,-0.286,0.052750000000000005,1.1232108987146239,0.18869976152608142,0.035607599999999996,-0.003399999999999994,0.14100000000000001,2.9346154324501343,0.429,-0.0045000000000000005,-0.286,0.052750000000000005,1.1232108987146239,0.18869976152608142,0.035607599999999996,stand
-MfvL8kTvfDujw-3jPQB,-9.135090909090911,1.516,1.6298773396511548,-6.589,-8.909,-11.343,-8.497,0.3031741883157666,1.2117266568451364,1.4682814909090909,-9.135090909090911,1.516,1.6298773396511548,-6.589,-8.909,-11.343,-8.497,0.3031741883157666,1.2117266568451364,1.4682814909090909,-9.135090909090911,1.516,1.6298773396511548,-6.589,-8.909,-11.343,-8.497,0.3031741883157666,1.2117266568451364,1.4682814909090909,-0.004799999999999999,0.1795,-0.153242997473229,0.189,-0.03,-0.207,0.09675,0.3202186974648048,0.12233723881141016,0.0149664,-0.004799999999999999,0.44725000000000004,-0.153242997473229,0.189,-0.03,-0.207,0.09675,0.3202186974648048,0.12233723881141016,0.0149664,-0.004799999999999999,0.1375,-0.153242997473229,0.189,-0.03,-0.207,0.09675,0.3202186974648048,0.12233723881141016,0.0149664,sit
-MfvLCLfkjhrhkHwpjNb,-8.537454545454546,1.4000000000000004,0.8692331555219717,-6.562,-8.684,-10.869,-7.753,-0.05250707342199887,1.1773928285526765,1.3862538727272724,-8.537454545454546,1.4000000000000004,0.8692331555219717,-6.562,-8.684,-10.869,-7.753,-0.05250707342199887,1.1773928285526765,1.3862538727272724,-8.537454545454546,1.4000000000000004,0.8692331555219717,-6.562,-8.684,-10.869,-7.753,-0.05250707342199887,1.1773928285526765,1.3862538727272724,0.0215,0.201,2.8659911135737124,0.398,-0.025,-0.154,0.10775,1.5564372446234993,0.16022570885403434,0.025672277777777777,0.0215,0.47675,2.8659911135737124,0.398,-0.025,-0.154,0.10775,1.5564372446234993,0.16022570885403434,0.025672277777777777,0.0215,0.1735,2.8659911135737124,0.398,-0.025,-0.154,0.10775,1.5564372446234993,0.16022570885403434,0.025672277777777777,sit
-MfvLEnMd-_67pi5YjNr,-7.972272727272727,1.987,0.7745260373587701,-4.701,-8.419,-10.403,-6.773,0.7080548552593701,1.5679873144199281,2.4585842181818185,-7.972272727272727,1.987,0.7745260373587701,-4.701,-8.419,-10.403,-6.773,0.7080548552593701,1.5679873144199281,2.4585842181818185,-7.972272727272727,1.987,0.7745260373587701,-4.701,-8.419,-10.403,-6.773,0.7080548552593701,1.5679873144199281,2.4585842181818185,-0.013500000000000003,0.30675,-0.6518067481065728,0.186,-0.0005000000000000004,-0.323,0.14800000000000002,-0.5122374681525129,0.17089454188020295,0.029204944444444443,-0.013500000000000003,0.46424999999999994,-0.6518067481065728,0.186,-0.0005000000000000004,-0.323,0.14800000000000002,-0.5122374681525129,0.17089454188020295,0.029204944444444443,-0.013500000000000003,0.188,-0.6518067481065728,0.186,-0.0005000000000000004,-0.323,0.14800000000000002,-0.5122374681525129,0.17089454188020295,0.029204944444444443,sit
-MfvLHdRWzA8pdu6bOaa,-9.444700000000001,1.7777499999999993,2.2344881790019047,-6.223,-8.7275,-15.161,-8.31225,-1.3922110065245503,2.547702060463289,6.490785788888889,-9.444700000000001,1.7777499999999993,2.2344881790019047,-6.223,-8.7275,-15.161,-8.31225,-1.3922110065245503,2.547702060463289,6.490785788888889,-9.444700000000001,1.7777499999999993,2.2344881790019047,-6.223,-8.7275,-15.161,-8.31225,-1.3922110065245503,2.547702060463289,6.490785788888889,0.028999999999999998,0.17825000000000002,0.7325475353435627,0.316,0.014000000000000002,-0.276,0.13175,-0.060907372885931156,0.16517600040899139,0.02728311111111112,0.028999999999999998,0.42225,0.7325475353435627,0.316,0.014000000000000002,-0.276,0.13175,-0.060907372885931156,0.16517600040899139,0.02728311111111112,0.028999999999999998,0.09325,0.7325475353435627,0.316,0.014000000000000002,-0.276,0.13175,-0.060907372885931156,0.16517600040899139,0.02728311111111112,sit
-MfvLK4gcL99OY5FSEhd,-7.8072,2.0882500000000013,1.471714384129501,-3.702,-8.452,-10.578,-6.75425,0.99404692646599,1.9192812775156805,3.6836406222222227,-7.8072,2.0882500000000013,1.471714384129501,-3.702,-8.452,-10.578,-6.75425,0.99404692646599,1.9192812775156805,3.6836406222222227,-7.8072,2.0882500000000013,1.471714384129501,-3.702,-8.452,-10.578,-6.75425,0.99404692646599,1.9192812775156805,3.6836406222222227,-0.0913,0.22025,1.8289222616869418,0.311,-0.10500000000000001,-0.32,-0.0024999999999999988,1.003772751300577,0.18264358126629518,0.033358677777777776,-0.0913,0.4195,1.8289222616869418,0.311,-0.10500000000000001,-0.32,-0.0024999999999999988,1.003772751300577,0.18264358126629518,0.033358677777777776,-0.0913,0.13724999999999998,1.8289222616869418,0.311,-0.10500000000000001,-0.32,-0.0024999999999999988,1.003772751300577,0.18264358126629518,0.033358677777777776,sit
-MfvLMtiCJzGuLfAEeIe,-8.8137,0.605500000000001,2.9546717992263467,-7.873,-8.8375,-10.284,-8.40425,-1.1160088556276593,0.640137493911356,0.4097760111111113,-8.8137,0.605500000000001,2.9546717992263467,-7.873,-8.8375,-10.284,-8.40425,-1.1160088556276593,0.640137493911356,0.4097760111111113,-8.8137,0.605500000000001,2.9546717992263467,-7.873,-8.8375,-10.284,-8.40425,-1.1160088556276593,0.640137493911356,0.4097760111111113,0.016099999999999996,0.124,0.3673905656151124,0.182,-0.002,-0.167,0.0825,0.08851166163328553,0.10170157870510718,0.010343211111111111,0.016099999999999996,0.42025,0.3673905656151124,0.182,-0.002,-0.167,0.0825,0.08851166163328553,0.10170157870510718,0.010343211111111111,0.016099999999999996,0.153,0.3673905656151124,0.182,-0.002,-0.167,0.0825,0.08851166163328553,0.10170157870510718,0.010343211111111111,sit
-MfvLPM8sjzRkWBkcnhS,-9.0624,1.6914999999999996,0.9116211277626274,-6.376,-9.1475,-10.851,-8.4205,0.858775739350388,1.3000093332998295,1.6900242666666672,-9.0624,1.6914999999999996,0.9116211277626274,-6.376,-9.1475,-10.851,-8.4205,0.858775739350388,1.3000093332998295,1.6900242666666672,-9.0624,1.6914999999999996,0.9116211277626274,-6.376,-9.1475,-10.851,-8.4205,0.858775739350388,1.3000093332998295,1.6900242666666672,-0.09809999999999999,0.35924999999999996,0.17684435629077644,0.173,-0.018000000000000002,-0.596,0.103,-1.016257945069919,0.25829761043330535,0.06671765555555556,-0.09809999999999999,0.5165,0.17684435629077644,0.173,-0.018000000000000002,-0.596,0.103,-1.016257945069919,0.25829761043330535,0.06671765555555556,-0.09809999999999999,0.20750000000000002,0.17684435629077644,0.173,-0.018000000000000002,-0.596,0.103,-1.016257945069919,0.25829761043330535,0.06671765555555556,sit
-MfvLSQWBhTg3n5eBzii,-8.788799999999998,2.03275,1.1968059165315434,-5.799,-8.725000000000001,-10.932,-8.11675,0.5740008248671212,1.4398419512031326,2.0731448444444442,-8.788799999999998,2.03275,1.1968059165315434,-5.799,-8.725000000000001,-10.932,-8.11675,0.5740008248671212,1.4398419512031326,2.0731448444444442,-8.788799999999998,2.03275,1.1968059165315434,-5.799,-8.725000000000001,-10.932,-8.11675,0.5740008248671212,1.4398419512031326,2.0731448444444442,0.064,0.18375,4.767968117317248,0.542,0.020000000000000004,-0.143,0.13175,1.9247020471533751,0.19039199329570325,0.03624911111111111,0.064,0.56175,4.767968117317248,0.542,0.020000000000000004,-0.143,0.13175,1.9247020471533751,0.19039199329570325,0.03624911111111111,0.064,0.06925,4.767968117317248,0.542,0.020000000000000004,-0.143,0.13175,1.9247020471533751,0.19039199329570325,0.03624911111111111,sit
-MfvLVKdW4m0hUhUV3ov,-9.8746,1.8559999999999999,4.371697619310292,-7.281,-8.883,-15.857,-8.76825,-1.9654826254916897,2.4105004183087515,5.810512266666666,-9.8746,1.8559999999999999,4.371697619310292,-7.281,-8.883,-15.857,-8.76825,-1.9654826254916897,2.4105004183087515,5.810512266666666,-9.8746,1.8559999999999999,4.371697619310292,-7.281,-8.883,-15.857,-8.76825,-1.9654826254916897,2.4105004183087515,5.810512266666666,0.07860000000000002,0.23550000000000001,2.3933257121603084,0.28,0.063,-0.325,0.23600000000000002,-1.235188763526307,0.17637598727969997,0.03110848888888889,0.07860000000000002,0.53,2.3933257121603084,0.28,0.063,-0.325,0.23600000000000002,-1.235188763526307,0.17637598727969997,0.03110848888888889,0.07860000000000002,0.24975,2.3933257121603084,0.28,0.063,-0.325,0.23600000000000002,-1.235188763526307,0.17637598727969997,0.03110848888888889,sit
-MfvLXtUNnE0U1YAGjyh,-8.9144,1.1270000000000007,1.6168870642838025,-7.2,-8.907,-11.354,-8.2585,-0.4929889288007897,1.1683215120657306,1.3649751555555552,-8.9144,1.1270000000000007,1.6168870642838025,-7.2,-8.907,-11.354,-8.2585,-0.4929889288007897,1.1683215120657306,1.3649751555555552,-8.9144,1.1270000000000007,1.6168870642838025,-7.2,-8.907,-11.354,-8.2585,-0.4929889288007897,1.1683215120657306,1.3649751555555552,0.027600000000000003,0.3525,-0.013982102502694715,0.426,0.009000000000000001,-0.198,0.1745,0.7828874881914205,0.2055032846452825,0.0422316,0.027600000000000003,0.4095,-0.013982102502694715,0.426,0.009000000000000001,-0.198,0.1745,0.7828874881914205,0.2055032846452825,0.0422316,0.027600000000000003,0.2395,-0.013982102502694715,0.426,0.009000000000000001,-0.198,0.1745,0.7828874881914205,0.2055032846452825,0.0422316,sit
-MfvLevBfdw0EyUmh9im,-5.153899999999999,9.788499999999999,-1.7295284303991019,1.805,-8.195,-9.596,0.82425,0.6433278236883178,4.896735929848235,23.978022766666665,-5.153899999999999,9.788499999999999,-1.7295284303991019,1.805,-8.195,-9.596,0.82425,0.6433278236883178,4.896735929848235,23.978022766666665,-5.153899999999999,9.788499999999999,-1.7295284303991019,1.805,-8.195,-9.596,0.82425,0.6433278236883178,4.896735929848235,23.978022766666665,0.0156,0.086,-0.4758750922595416,0.109,-0.0035,-0.047,0.06175,0.7077648466530754,0.04980450671263484,0.0024804888888888886,0.0156,1.1360000000000001,-0.4758750922595416,0.109,-0.0035,-0.047,0.06175,0.7077648466530754,0.04980450671263484,0.0024804888888888886,0.0156,0.055,-0.4758750922595416,0.109,-0.0035,-0.047,0.06175,0.7077648466530754,0.04980450671263484,0.0024804888888888886,sleep
-MfvLl3KdoPfmYZkTEl_,-4.7012,10.108500000000001,-1.932411545242966,1.793,-6.406499999999999,-9.565,0.772,0.37749671097307913,4.717377962856532,22.253654844444444,-4.7012,10.108500000000001,-1.932411545242966,1.793,-6.406499999999999,-9.565,0.772,0.37749671097307913,4.717377962856532,22.253654844444444,-4.7012,10.108500000000001,-1.932411545242966,1.793,-6.406499999999999,-9.565,0.772,0.37749671097307913,4.717377962856532,22.253654844444444,0.0013999999999999978,0.18000000000000002,0.07136500117281663,0.213,0.015,-0.269,0.10475000000000001,-0.5933320049073448,0.14885802333468998,0.022158711111111104,0.0013999999999999978,0.5495,0.07136500117281663,0.213,0.015,-0.269,0.10475000000000001,-0.5933320049073448,0.14885802333468998,0.022158711111111104,0.0013999999999999978,0.128,0.07136500117281663,0.213,0.015,-0.269,0.10475000000000001,-0.5933320049073448,0.14885802333468998,0.022158711111111104,sleep
-MfvLnTbBgjcEyUfJE7Y,-5.213909090909091,10.099,-1.4163789079599596,1.788,-7.684,-9.288,1.022,0.7473983849965004,4.681344624240891,21.91498749090909,-5.213909090909091,10.099,-1.4163789079599596,1.788,-7.684,-9.288,1.022,0.7473983849965004,4.681344624240891,21.91498749090909,-5.213909090909091,10.099,-1.4163789079599596,1.788,-7.684,-9.288,1.022,0.7473983849965004,4.681344624240891,21.91498749090909,0.013000000000000001,0.16,-0.02980541916901558,0.168,0.0005,-0.185,0.12375,-0.2393660366803598,0.10764757312638311,0.011588,0.013000000000000001,0.65525,-0.02980541916901558,0.168,0.0005,-0.185,0.12375,-0.2393660366803598,0.10764757312638311,0.011588,0.013000000000000001,0.05424999999999999,-0.02980541916901558,0.168,0.0005,-0.185,0.12375,-0.2393660366803598,0.10764757312638311,0.011588,sleep
-MfvLqfQzG7wOgsTSbFH,-6.0994,7.044,-0.023329588789628097,2.425,-8.835,-9.278,-2.0629999999999997,1.2676416797613865,4.537126359271912,20.5855156,-6.0994,7.044,-0.023329588789628097,2.425,-8.835,-9.278,-2.0629999999999997,1.2676416797613865,4.537126359271912,20.5855156,-6.0994,7.044,-0.023329588789628097,2.425,-8.835,-9.278,-2.0629999999999997,1.2676416797613865,4.537126359271912,20.5855156,0.03790000000000001,0.10500000000000001,3.8954548616583233,0.276,0.016,-0.063,0.07400000000000001,1.7592666713209293,0.09739204850043515,0.009485211111111112,0.03790000000000001,0.8819999999999999,3.8954548616583233,0.276,0.016,-0.063,0.07400000000000001,1.7592666713209293,0.09739204850043515,0.009485211111111112,0.03790000000000001,0.0555,3.8954548616583233,0.276,0.016,-0.063,0.07400000000000001,1.7592666713209293,0.09739204850043515,0.009485211111111112,sleep
-MfvLt1ZndclqsQDMnW0,-4.8378,9.8915,-1.6146501896293945,2.319,-6.89,-9.28,0.90325,0.6091507862421126,4.741874659761568,22.48537528888889,-4.8378,9.8915,-1.6146501896293945,2.319,-6.89,-9.28,0.90325,0.6091507862421126,4.741874659761568,22.48537528888889,-4.8378,9.8915,-1.6146501896293945,2.319,-6.89,-9.28,0.90325,0.6091507862421126,4.741874659761568,22.48537528888889,0.0198,0.0885,3.1502091678369686,0.287,0.007,-0.176,0.057999999999999996,0.9443955903835736,0.11790090000598902,0.013900622222222221,0.0198,0.88125,3.1502091678369686,0.287,0.007,-0.176,0.057999999999999996,0.9443955903835736,0.11790090000598902,0.013900622222222221,0.0198,0.13124999999999998,3.1502091678369686,0.287,0.007,-0.176,0.057999999999999996,0.9443955903835736,0.11790090000598902,0.013900622222222221,sleep
-MfvLyLEORtCZA9WK6pI,-5.585399999999999,7.735249999999999,-0.16170741600793548,2.827,-8.5045,-9.06,-1.202,1.225459473828649,4.8551214471593465,23.572204266666667,-5.585399999999999,7.735249999999999,-0.16170741600793548,2.827,-8.5045,-9.06,-1.202,1.225459473828649,4.8551214471593465,23.572204266666667,-5.585399999999999,7.735249999999999,-0.16170741600793548,2.827,-8.5045,-9.06,-1.202,1.225459473828649,4.8551214471593465,23.572204266666667,-0.002600000000000003,0.0445,4.852097338490728,0.282,-0.002,-0.192,0.00175,1.376807078580077,0.11694082074090105,0.013675155555555554,-0.002600000000000003,0.80375,4.852097338490728,0.282,-0.002,-0.192,0.00175,1.376807078580077,0.11694082074090105,0.013675155555555554,-0.002600000000000003,0.07675,4.852097338490728,0.282,-0.002,-0.192,0.00175,1.376807078580077,0.11694082074090105,0.013675155555555554,sleep
-MfvM-adMCiiSIGBbRbs,-6.3655,5.38725,0.41987218776810753,1.563,-8.659500000000001,-9.527,-3.6792499999999997,1.3206398143899496,4.024000117351445,16.192576944444443,-6.3655,5.38725,0.41987218776810753,1.563,-8.659500000000001,-9.527,-3.6792499999999997,1.3206398143899496,4.024000117351445,16.192576944444443,-6.3655,5.38725,0.41987218776810753,1.563,-8.659500000000001,-9.527,-3.6792499999999997,1.3206398143899496,4.024000117351445,16.192576944444443,-0.0178,0.153,0.8547392075842364,0.239,-0.029,-0.182,0.03725,0.9268990793360489,0.12441489728592259,0.015479066666666668,-0.0178,0.75675,0.8547392075842364,0.239,-0.029,-0.182,0.03725,0.9268990793360489,0.12441489728592259,0.015479066666666668,-0.0178,0.098,0.8547392075842364,0.239,-0.029,-0.182,0.03725,0.9268990793360489,0.12441489728592259,0.015479066666666668,sleep
-MfvM1webQNmKpDCEIOe,-5.7188,7.0417499999999995,0.6181397579773513,4.618,-8.7,-9.395,-2.00725,1.3921321247500713,5.090811063955221,25.91635728888889,-5.7188,7.0417499999999995,0.6181397579773513,4.618,-8.7,-9.395,-2.00725,1.3921321247500713,5.090811063955221,25.91635728888889,-5.7188,7.0417499999999995,0.6181397579773513,4.618,-8.7,-9.395,-2.00725,1.3921321247500713,5.090811063955221,25.91635728888889,0.0035999999999999964,0.052500000000000005,4.362550226068188,0.294,-0.004,-0.216,0.0195,1.001661896245172,0.12407900708822582,0.015395599999999994,0.0035999999999999964,0.8845,4.362550226068188,0.294,-0.004,-0.216,0.0195,1.001661896245172,0.12407900708822582,0.015395599999999994,0.0035999999999999964,0.0845,4.362550226068188,0.294,-0.004,-0.216,0.0195,1.001661896245172,0.12407900708822582,0.015395599999999994,sleep
-MfvM4OAt9RXsJrjEzrr,-4.932272727272727,11.038,-1.515937970048168,2.786,-8.715,-9.098,2.114,0.7461183173256798,5.1519796601094825,26.542894418181817,-4.932272727272727,11.038,-1.515937970048168,2.786,-8.715,-9.098,2.114,0.7461183173256798,5.1519796601094825,26.542894418181817,-4.932272727272727,11.038,-1.515937970048168,2.786,-8.715,-9.098,2.114,0.7461183173256798,5.1519796601094825,26.542894418181817,0.034600000000000006,0.285,-0.517401523210598,0.316,0.009000000000000001,-0.195,0.18275,0.5248570967139867,0.17465725165464946,0.030505155555555552,0.034600000000000006,0.6795,-0.517401523210598,0.316,0.009000000000000001,-0.195,0.18275,0.5248570967139867,0.17465725165464946,0.030505155555555552,0.034600000000000006,0.0985,-0.517401523210598,0.316,0.009000000000000001,-0.195,0.18275,0.5248570967139867,0.17465725165464946,0.030505155555555552,sleep
-MfvM7-48IsHH0lCv0zk,-6.8113,4.036750000000001,1.6823317300624518,2.3,-9.0265,-9.618,-5.077249999999999,1.7297753289357487,4.234591940199198,17.9317689,-6.8113,4.036750000000001,1.6823317300624518,2.3,-9.0265,-9.618,-5.077249999999999,1.7297753289357487,4.234591940199198,17.9317689,-6.8113,4.036750000000001,1.6823317300624518,2.3,-9.0265,-9.618,-5.077249999999999,1.7297753289357487,4.234591940199198,17.9317689,0.009599999999999996,0.05925,-0.4876397230912084,0.078,-0.003,-0.039,0.0445,0.5280534484612333,0.0376126456276491,0.0014147111111111111,0.009599999999999996,0.9605,-0.4876397230912084,0.078,-0.003,-0.039,0.0445,0.5280534484612333,0.0376126456276491,0.0014147111111111111,0.009599999999999996,0.13775,-0.4876397230912084,0.078,-0.003,-0.039,0.0445,0.5280534484612333,0.0376126456276491,0.0014147111111111111,sleep
-MfvMJ_GaMAiIC5SG31q,-9.6214,0.4142500000000009,3.484887385365645,-7.949,-9.7105,-10.933,-9.4475,0.8059306476563126,0.7416808537968935,0.5500904888888889,-9.6214,0.4142500000000009,3.484887385365645,-7.949,-9.7105,-10.933,-9.4475,0.8059306476563126,0.7416808537968935,0.5500904888888889,-9.6214,0.4142500000000009,3.484887385365645,-7.949,-9.7105,-10.933,-9.4475,0.8059306476563126,0.7416808537968935,0.5500904888888889,-0.013000000000000001,0.13274999999999998,-0.7025143072573807,0.123,-0.002,-0.158,0.0485,-0.10420973618041687,0.09003826347108707,0.008106888888888891,-0.013000000000000001,0.22225,-0.7025143072573807,0.123,-0.002,-0.158,0.0485,-0.10420973618041687,0.09003826347108707,0.008106888888888891,-0.013000000000000001,0.04325,-0.7025143072573807,0.123,-0.002,-0.158,0.0485,-0.10420973618041687,0.09003826347108707,0.008106888888888891,stand
-MfvMd_GnbHPQbqezYy-,-9.443555555555555,1.0460000000000012,0.02748534730722252,-8.131,-9.728,-10.585,-8.8255,0.5319632359425329,0.7550707104488812,0.5701317777777782,-9.443555555555555,1.0460000000000012,0.02748534730722252,-8.131,-9.728,-10.585,-8.8255,0.5319632359425329,0.7550707104488812,0.5701317777777782,-9.443555555555555,1.0460000000000012,0.02748534730722252,-8.131,-9.728,-10.585,-8.8255,0.5319632359425329,0.7550707104488812,0.5701317777777782,0.0344,0.2715,-0.46177442333899954,0.327,-0.013,-0.15,0.1885,0.8662733788611329,0.1639547363010766,0.02688115555555556,0.0344,0.4635,-0.46177442333899954,0.327,-0.013,-0.15,0.1885,0.8662733788611329,0.1639547363010766,0.02688115555555556,0.0344,0.08225,-0.46177442333899954,0.327,-0.013,-0.15,0.1885,0.8662733788611329,0.1639547363010766,0.02688115555555556,sit
-MfvMto12S2ia2Nud6ta,-10.002,0.9022500000000004,6.0079019466972445,-8.519,-9.5285,-13.922,-9.30875,-2.286504119083786,1.5041405814912678,2.2624388888888896,-10.002,0.9022500000000004,6.0079019466972445,-8.519,-9.5285,-13.922,-9.30875,-2.286504119083786,1.5041405814912678,2.2624388888888896,-10.002,0.9022500000000004,6.0079019466972445,-8.519,-9.5285,-13.922,-9.30875,-2.286504119083786,1.5041405814912678,2.2624388888888896,0.0431,0.205,-0.5490616584655141,0.237,0.0515,-0.183,0.14675,-0.3578158489433251,0.1297111748805356,0.01682498888888889,0.0431,0.50625,-0.5490616584655141,0.237,0.0515,-0.183,0.14675,-0.3578158489433251,0.1297111748805356,0.01682498888888889,0.0431,0.06475,-0.5490616584655141,0.237,0.0515,-0.183,0.14675,-0.3578158489433251,0.1297111748805356,0.01682498888888889,sit
-MfvN-cRmqcI1yNpA_VZ,-8.427399999999999,4.369250000000001,-1.258001561471712,-5.065,-9.1425,-11.088,-5.71425,0.5136556289303532,2.2707824495828155,5.156452933333331,-8.427399999999999,4.369250000000001,-1.258001561471712,-5.065,-9.1425,-11.088,-5.71425,0.5136556289303532,2.2707824495828155,5.156452933333331,-8.427399999999999,4.369250000000001,-1.258001561471712,-5.065,-9.1425,-11.088,-5.71425,0.5136556289303532,2.2707824495828155,5.156452933333331,0.005099999999999999,0.35225,-1.3548469085425197,0.195,0.077,-0.281,0.16375,-0.589648381471414,0.17368838635773998,0.030167655555555555,0.005099999999999999,0.7522500000000001,-1.3548469085425197,0.195,0.077,-0.281,0.16375,-0.589648381471414,0.17368838635773998,0.030167655555555555,0.005099999999999999,0.10875,-1.3548469085425197,0.195,0.077,-0.281,0.16375,-0.589648381471414,0.17368838635773998,0.030167655555555555,sit
-MfvN2PgImLJEydL0ixY,-9.1463,0.8710000000000004,0.7084900484642489,-8.298,-9.013,-10.619,-8.630749999999999,-0.999631216547831,0.7179582237923814,0.5154640111111112,-9.1463,0.8710000000000004,0.7084900484642489,-8.298,-9.013,-10.619,-8.630749999999999,-0.999631216547831,0.7179582237923814,0.5154640111111112,-9.1463,0.8710000000000004,0.7084900484642489,-8.298,-9.013,-10.619,-8.630749999999999,-0.999631216547831,0.7179582237923814,0.5154640111111112,0.056799999999999996,0.14875000000000002,-0.03104241802197283,0.177,0.0915,-0.128,0.13525,-0.7466585627275194,0.09383058018459534,0.008804177777777776,0.056799999999999996,0.48075,-0.03104241802197283,0.177,0.0915,-0.128,0.13525,-0.7466585627275194,0.09383058018459534,0.008804177777777776,0.056799999999999996,0.0895,-0.03104241802197283,0.177,0.0915,-0.128,0.13525,-0.7466585627275194,0.09383058018459534,0.008804177777777776,sit
-MfvN50qaSVGNWhvKGYQ,-9.5424,0.9665000000000017,1.2589420628937864,-8.559,-9.365,-11.206,-8.96675,-1.1413359458063423,0.7819772943563572,0.611488488888889,-9.5424,0.9665000000000017,1.2589420628937864,-8.559,-9.365,-11.206,-8.96675,-1.1413359458063423,0.7819772943563572,0.611488488888889,-9.5424,0.9665000000000017,1.2589420628937864,-8.559,-9.365,-11.206,-8.96675,-1.1413359458063423,0.7819772943563572,0.611488488888889,0.06500000000000002,0.30200000000000005,0.3135144506876397,0.393,0.033,-0.325,0.24550000000000002,-0.2210117669315655,0.205908825562297,0.042398444444444454,0.06500000000000002,0.3345,0.3135144506876397,0.393,0.033,-0.325,0.24550000000000002,-0.2210117669315655,0.205908825562297,0.042398444444444454,0.06500000000000002,0.1125,0.3135144506876397,0.393,0.033,-0.325,0.24550000000000002,-0.2210117669315655,0.205908825562297,0.042398444444444454,sit
-MfvNBV_OMgRxpo4gJVK,-9.922500000000001,0.6150000000000002,-0.08067922375863912,-9.156,-9.9695,-10.538,-9.645,0.6624554001218085,0.444383780582105,0.1974769444444444,-9.922500000000001,0.6150000000000002,-0.08067922375863912,-9.156,-9.9695,-10.538,-9.645,0.6624554001218085,0.444383780582105,0.1974769444444444,-9.922500000000001,0.6150000000000002,-0.08067922375863912,-9.156,-9.9695,-10.538,-9.645,0.6624554001218085,0.444383780582105,0.1974769444444444,-0.026300000000000007,0.402,-0.42232459639914977,0.224,0.053500000000000006,-0.441,0.15975,-0.9835751208116106,0.2369810353406177,0.0561600111111111,-0.026300000000000007,0.4615,-0.42232459639914977,0.224,0.053500000000000006,-0.441,0.15975,-0.9835751208116106,0.2369810353406177,0.0561600111111111,-0.026300000000000007,0.14275,-0.42232459639914977,0.224,0.053500000000000006,-0.441,0.15975,-0.9835751208116106,0.2369810353406177,0.0561600111111111,sit
-MfvNDsq-_IquMO1NXvA,-9.603100000000001,0.8822499999999991,3.2137805970950666,-8.562,-9.613,-11.503,-8.95725,-1.3049307486680433,0.8090237532565614,0.6545194333333335,-9.603100000000001,0.8822499999999991,3.2137805970950666,-8.562,-9.613,-11.503,-8.95725,-1.3049307486680433,0.8090237532565614,0.6545194333333335,-9.603100000000001,0.8822499999999991,3.2137805970950666,-8.562,-9.613,-11.503,-8.95725,-1.3049307486680433,0.8090237532565614,0.6545194333333335,0.0294,0.19575,-1.5696535641007503,0.149,0.0315,-0.094,0.13,0.04639081851120442,0.09166509089554696,0.008402488888888887,0.0294,0.27449999999999997,-1.5696535641007503,0.149,0.0315,-0.094,0.13,0.04639081851120442,0.09166509089554696,0.008402488888888887,0.0294,0.16625,-1.5696535641007503,0.149,0.0315,-0.094,0.13,0.04639081851120442,0.09166509089554696,0.008402488888888887,sit
-MfvNGES19cfR9mVjiqN,-9.4967,0.46550000000000047,3.3659690307437815,-8.646,-9.586500000000001,-9.86,-9.30175,1.6565610247070965,0.35462657981475515,0.1257600111111109,-9.4967,0.46550000000000047,3.3659690307437815,-8.646,-9.586500000000001,-9.86,-9.30175,1.6565610247070965,0.35462657981475515,0.1257600111111109,-9.4967,0.46550000000000047,3.3659690307437815,-8.646,-9.586500000000001,-9.86,-9.30175,1.6565610247070965,0.35462657981475515,0.1257600111111109,0.0524,0.27049999999999996,-0.5221381255525759,0.324,0.0075,-0.137,0.20825,0.7541781584244839,0.14835557885626607,0.02200937777777778,0.0524,0.6535,-0.5221381255525759,0.324,0.0075,-0.137,0.20825,0.7541781584244839,0.14835557885626607,0.02200937777777778,0.0524,0.02425,-0.5221381255525759,0.324,0.0075,-0.137,0.20825,0.7541781584244839,0.14835557885626607,0.02200937777777778,sit
-MfvNJEYyzKKy7iNSiQc,-9.1279,1.3884999999999987,0.10691885430760095,-7.405,-9.432500000000001,-10.08,-8.4745,1.1561497992863548,0.9510016298619052,0.9044041000000002,-9.1279,1.3884999999999987,0.10691885430760095,-7.405,-9.432500000000001,-10.08,-8.4745,1.1561497992863548,0.9510016298619052,0.9044041000000002,-9.1279,1.3884999999999987,0.10691885430760095,-7.405,-9.432500000000001,-10.08,-8.4745,1.1561497992863548,0.9510016298619052,0.9044041000000002,-0.0305,0.36024999999999996,6.731099067885018,0.59,0.006500000000000001,-1.618,0.33025,-2.338792559515277,0.5995739691184436,0.35948894444444446,-0.0305,0.41000000000000003,6.731099067885018,0.59,0.006500000000000001,-1.618,0.33025,-2.338792559515277,0.5995739691184436,0.35948894444444446,-0.0305,0.16599999999999998,6.731099067885018,0.59,0.006500000000000001,-1.618,0.33025,-2.338792559515277,0.5995739691184436,0.35948894444444446,sit
-MfvNLZ3LLiteCsloAjL,-9.3582,0.9557500000000001,-0.05863403012873736,-8.152,-9.3805,-10.406,-8.93625,0.4755639019796572,0.7014237584291604,0.4919952888888892,-9.3582,0.9557500000000001,-0.05863403012873736,-8.152,-9.3805,-10.406,-8.93625,0.4755639019796572,0.7014237584291604,0.4919952888888892,-9.3582,0.9557500000000001,-0.05863403012873736,-8.152,-9.3805,-10.406,-8.93625,0.4755639019796572,0.7014237584291604,0.4919952888888892,0.1112,0.255,1.136503048586989,0.698,0.01,-0.209,0.22075,1.4528952147564373,0.2898424092886033,0.08400862222222222,0.1112,0.35025000000000006,1.136503048586989,0.698,0.01,-0.209,0.22075,1.4528952147564373,0.2898424092886033,0.08400862222222222,0.1112,0.1435,1.136503048586989,0.698,0.01,-0.209,0.22075,1.4528952147564373,0.2898424092886033,0.08400862222222222,sit
-MfvNQ--mGXXn0QEl3Fx,-5.0806,11.638499999999999,-2.2479849423452056,1.779,-8.662,-10.461,1.6855,0.43362893484290266,5.857662222346993,34.31220671111111,-5.0806,11.638499999999999,-2.2479849423452056,1.779,-8.662,-10.461,1.6855,0.43362893484290266,5.857662222346993,34.31220671111111,-5.0806,11.638499999999999,-2.2479849423452056,1.779,-8.662,-10.461,1.6855,0.43362893484290266,5.857662222346993,34.31220671111111,-0.0703,0.22275,3.6232157079790213,0.575,-0.075,-0.467,-0.010999999999999996,1.3805838154880787,0.2723119330636997,0.07415378888888888,-0.0703,0.9305,3.6232157079790213,0.575,-0.075,-0.467,-0.010999999999999996,1.3805838154880787,0.2723119330636997,0.07415378888888888,-0.0703,0.45125000000000004,3.6232157079790213,0.575,-0.075,-0.467,-0.010999999999999996,1.3805838154880787,0.2723119330636997,0.07415378888888888,sit
-MfvNS4Kl8DdYAQLpSvw,-5.584,9.0125,-2.0518218936943913,-0.009,-6.468500000000001,-9.793,-0.5660000000000001,0.28087847898744256,4.333161124783307,18.77628533333333,-5.584,9.0125,-2.0518218936943913,-0.009,-6.468500000000001,-9.793,-0.5660000000000001,0.28087847898744256,4.333161124783307,18.77628533333333,-5.584,9.0125,-2.0518218936943913,-0.009,-6.468500000000001,-9.793,-0.5660000000000001,0.28087847898744256,4.333161124783307,18.77628533333333,-0.053599999999999995,0.2085,-1.1480252335163699,0.12,-0.0325,-0.232,0.03225,-0.11347197995597712,0.11798041268692773,0.013919377777777776,-0.053599999999999995,1.064,-1.1480252335163699,0.12,-0.0325,-0.232,0.03225,-0.11347197995597712,0.11798041268692773,0.013919377777777776,-0.053599999999999995,0.10125,-1.1480252335163699,0.12,-0.0325,-0.232,0.03225,-0.11347197995597712,0.11798041268692773,0.013919377777777776,sit
-MfvNUSayQ_0QLFmLGCP,-3.6319999999999992,10.379499999999998,-2.247096199639348,0.936,-0.1915,-9.922,0.63525,-0.46559494523012684,5.206065351534154,27.103116444444442,-3.6319999999999992,10.379499999999998,-2.247096199639348,0.936,-0.1915,-9.922,0.63525,-0.46559494523012684,5.206065351534154,27.103116444444442,-3.6319999999999992,10.379499999999998,-2.247096199639348,0.936,-0.1915,-9.922,0.63525,-0.46559494523012684,5.206065351534154,27.103116444444442,-0.0213,0.09824999999999998,0.7095082151626322,0.191,-0.0015,-0.233,0.02175,-0.3679864589009444,0.12282421947193024,0.015085788888888887,-0.0213,0.66875,0.7095082151626322,0.191,-0.0015,-0.233,0.02175,-0.3679864589009444,0.12282421947193024,0.015085788888888887,-0.0213,0.10099999999999999,0.7095082151626322,0.191,-0.0015,-0.233,0.02175,-0.3679864589009444,0.12282421947193024,0.015085788888888887,sit
-MfvNWglbCq41tDM4njl,-5.044100000000001,9.75025,-2.2076813306992573,0.713,-6.4145,-10.653,0.26925,0.1929087293544149,4.879159386843416,23.806196322222224,-5.044100000000001,9.75025,-2.2076813306992573,0.713,-6.4145,-10.653,0.26925,0.1929087293544149,4.879159386843416,23.806196322222224,-5.044100000000001,9.75025,-2.2076813306992573,0.713,-6.4145,-10.653,0.26925,0.1929087293544149,4.879159386843416,23.806196322222224,-0.011800000000000001,0.32075,2.1836971708987267,0.58,0.006,-0.352,0.07700000000000001,1.000571889243203,0.26491541627051035,0.07018017777777778,-0.011800000000000001,0.43074999999999997,2.1836971708987267,0.58,0.006,-0.352,0.07700000000000001,1.000571889243203,0.26491541627051035,0.07018017777777778,-0.011800000000000001,0.24375,2.1836971708987267,0.58,0.006,-0.352,0.07700000000000001,1.000571889243203,0.26491541627051035,0.07018017777777778,sit
-MfvNYzbvjowPJX-Z3EW,-5.9131,9.82475,-1.7616346127480198,0.764,-8.758,-9.802,0.11675,0.6327076213667414,4.692827327126177,22.022628322222218,-5.9131,9.82475,-1.7616346127480198,0.764,-8.758,-9.802,0.11675,0.6327076213667414,4.692827327126177,22.022628322222218,-5.9131,9.82475,-1.7616346127480198,0.764,-8.758,-9.802,0.11675,0.6327076213667414,4.692827327126177,22.022628322222218,-0.07629999999999999,0.1545,6.142248787406683,0.104,-0.028,-0.569,0.02575,-2.293742908749616,0.1883253980629154,0.03546645555555554,-0.07629999999999999,0.9149999999999999,6.142248787406683,0.104,-0.028,-0.569,0.02575,-2.293742908749616,0.1883253980629154,0.03546645555555554,-0.07629999999999999,0.14025,6.142248787406683,0.104,-0.028,-0.569,0.02575,-2.293742908749616,0.1883253980629154,0.03546645555555554,sit
-MfvNaMpjpMXCsFPBvw4,-3.3085999999999998,8.91025,-2.0780680683298938,0.438,-0.0595,-9.438,0.28600000000000003,-0.5430540775711645,4.546463270132803,20.670328266666665,-3.3085999999999998,8.91025,-2.0780680683298938,0.438,-0.0595,-9.438,0.28600000000000003,-0.5430540775711645,4.546463270132803,20.670328266666665,-3.3085999999999998,8.91025,-2.0780680683298938,0.438,-0.0595,-9.438,0.28600000000000003,-0.5430540775711645,4.546463270132803,20.670328266666665,-0.03779999999999999,0.02425,9.58097899030474,0.079,0.011,-0.563,0.025750000000000002,-3.065715885219475,0.186003464722808,0.034597288888888876,-0.03779999999999999,0.5575,9.58097899030474,0.079,0.011,-0.563,0.025750000000000002,-3.065715885219475,0.186003464722808,0.034597288888888876,-0.03779999999999999,0.18925,9.58097899030474,0.079,0.011,-0.563,0.025750000000000002,-3.065715885219475,0.186003464722808,0.034597288888888876,sit
-MfvNcfzShC5NfvC4EgD,-5.1292,8.2305,-1.5497365333739985,0.799,-4.672499999999999,-10.171,-1.21375,0.15145950107285164,4.252858850232394,18.0868084,-5.1292,8.2305,-1.5497365333739985,0.799,-4.672499999999999,-10.171,-1.21375,0.15145950107285164,4.252858850232394,18.0868084,-5.1292,8.2305,-1.5497365333739985,0.799,-4.672499999999999,-10.171,-1.21375,0.15145950107285164,4.252858850232394,18.0868084,-0.0518,0.19824999999999998,-0.47218596528666623,0.074,-0.026000000000000002,-0.258,0.04475,-0.7946869936502381,0.11084503697605148,0.01228662222222222,-0.0518,0.5585,-0.47218596528666623,0.074,-0.026000000000000002,-0.258,0.04475,-0.7946869936502381,0.11084503697605148,0.01228662222222222,-0.0518,0.21275,-0.47218596528666623,0.074,-0.026000000000000002,-0.258,0.04475,-0.7946869936502381,0.11084503697605148,0.01228662222222222,sit
-MfvNfb51CP3wDKg4ZSX,-3.391909090909091,10.161,-1.971676619807618,0.819,0.397,-9.927,0.663,-0.5011827977106929,4.881755492741222,23.831536690909093,-3.391909090909091,10.161,-1.971676619807618,0.819,0.397,-9.927,0.663,-0.5011827977106929,4.881755492741222,23.831536690909093,-3.391909090909091,10.161,-1.971676619807618,0.819,0.397,-9.927,0.663,-0.5011827977106929,4.881755492741222,23.831536690909093,-0.0289,0.16525,-0.8786819081712278,0.073,0.0025,-0.176,0.038250000000000006,-0.8138284669442286,0.08773501771432735,0.007697433333333333,-0.0289,0.719,-0.8786819081712278,0.073,0.0025,-0.176,0.038250000000000006,-0.8138284669442286,0.08773501771432735,0.007697433333333333,-0.0289,0.10375,-0.8786819081712278,0.073,0.0025,-0.176,0.038250000000000006,-0.8138284669442286,0.08773501771432735,0.007697433333333333,sit
-MfvNhlSYbd85OjNNCts,-2.3265000000000002,3.933,1.1616084293844393,-0.059,-0.3215,-9.821,-0.26675000000000004,-1.6425251939237997,3.7174132658192427,13.819161388888887,-2.3265000000000002,3.933,1.1616084293844393,-0.059,-0.3215,-9.821,-0.26675000000000004,-1.6425251939237997,3.7174132658192427,13.819161388888887,-2.3265000000000002,3.933,1.1616084293844393,-0.059,-0.3215,-9.821,-0.26675000000000004,-1.6425251939237997,3.7174132658192427,13.819161388888887,0.028600000000000004,0.08424999999999999,1.0406490735482565,0.183,-0.002,-0.082,0.076,0.9396339435352892,0.07523917419358969,0.005660933333333334,0.028600000000000004,0.9065,1.0406490735482565,0.183,-0.002,-0.082,0.076,0.9396339435352892,0.07523917419358969,0.005660933333333334,0.028600000000000004,0.07075000000000001,1.0406490735482565,0.183,-0.002,-0.082,0.076,0.9396339435352892,0.07523917419358969,0.005660933333333334,sit
-MfvNjvGKxNKlv9I0r7J,-4.437100000000001,10.272,-2.4336638433502484,0.996,-3.6879999999999997,-9.956,0.512,-0.05627231895668368,5.1488796721012795,26.510961877777778,-4.437100000000001,10.272,-2.4336638433502484,0.996,-3.6879999999999997,-9.956,0.512,-0.05627231895668368,5.1488796721012795,26.510961877777778,-4.437100000000001,10.272,-2.4336638433502484,0.996,-3.6879999999999997,-9.956,0.512,-0.05627231895668368,5.1488796721012795,26.510961877777778,-0.08070000000000001,0.276,-0.8257451703544869,0.029,-0.008499999999999999,-0.333,0.0245,-1.0681888682986933,0.14270953405820902,0.020366011111111117,-0.08070000000000001,0.9149999999999999,-0.8257451703544869,0.029,-0.008499999999999999,-0.333,0.0245,-1.0681888682986933,0.14270953405820902,0.020366011111111117,-0.08070000000000001,0.16949999999999998,-0.8257451703544869,0.029,-0.008499999999999999,-0.333,0.0245,-1.0681888682986933,0.14270953405820902,0.020366011111111117,sit
-MfvOwGhr33c9qwjnFbx,-0.7419999999999998,11.209,-1.78562096940732,4.936,2.1365,-8.718,4.05975,-0.5429565065111821,5.645931278363207,31.876539999999995,-0.7419999999999998,11.209,-1.78562096940732,4.936,2.1365,-8.718,4.05975,-0.5429565065111821,5.645931278363207,31.876539999999995,-0.7419999999999998,11.209,-1.78562096940732,4.936,2.1365,-8.718,4.05975,-0.5429565065111821,5.645931278363207,31.876539999999995,-0.0131,0.11925000000000001,3.7009173813545564,0.186,0.015,-0.398,0.08225,-1.6995665408633622,0.15990584034918107,0.02556987777777778,-0.0131,0.508,3.7009173813545564,0.186,0.015,-0.398,0.08225,-1.6995665408633622,0.15990584034918107,0.02556987777777778,-0.0131,0.11925,3.7009173813545564,0.186,0.015,-0.398,0.08225,-1.6995665408633622,0.15990584034918107,0.02556987777777778,sleep
-MfvOzwv8yTsFEs_e7UL,-3.0919000000000008,6.532500000000001,-1.2247688059073942,-0.187,-0.744,-9.132,-0.355,-0.8198503660485013,3.5966689666350384,12.936027655555556,-3.0919000000000008,6.532500000000001,-1.2247688059073942,-0.187,-0.744,-9.132,-0.355,-0.8198503660485013,3.5966689666350384,12.936027655555556,-3.0919000000000008,6.532500000000001,-1.2247688059073942,-0.187,-0.744,-9.132,-0.355,-0.8198503660485013,3.5966689666350384,12.936027655555556,0.023500000000000004,0.122,2.8380139727466362,0.269,0.019000000000000003,-0.295,0.0995,-0.7794161166364044,0.14377548083344702,0.02067138888888889,0.023500000000000004,0.4925,2.8380139727466362,0.269,0.019000000000000003,-0.295,0.0995,-0.7794161166364044,0.14377548083344702,0.02067138888888889,0.023500000000000004,0.08024999999999999,2.8380139727466362,0.269,0.019000000000000003,-0.295,0.0995,-0.7794161166364044,0.14377548083344702,0.02067138888888889,sleep
-MfvP2BPTic6NXtIE_A2,-1.7675999999999994,3.0749999999999993,1.3827528669545393,0.62,-0.04100000000000001,-8.924,0.21999999999999997,-1.694877899326401,3.4906774636960596,12.184829155555555,-1.7675999999999994,3.0749999999999993,1.3827528669545393,0.62,-0.04100000000000001,-8.924,0.21999999999999997,-1.694877899326401,3.4906774636960596,12.184829155555555,-1.7675999999999994,3.0749999999999993,1.3827528669545393,0.62,-0.04100000000000001,-8.924,0.21999999999999997,-1.694877899326401,3.4906774636960596,12.184829155555555,-0.06799999999999999,0.14575000000000002,3.638713823953787,0.087,-0.0005,-0.582,0.05525,-2.01961056806957,0.21260761980700502,0.04520199999999999,-0.06799999999999999,1.27775,3.638713823953787,0.087,-0.0005,-0.582,0.05525,-2.01961056806957,0.21260761980700502,0.04520199999999999,-0.06799999999999999,0.0445,3.638713823953787,0.087,-0.0005,-0.582,0.05525,-2.01961056806957,0.21260761980700502,0.04520199999999999,sleep
-MfvP4_QFWmKPQGfosmn,-4.398299999999999,7.74325,-2.158164930264817,0.79,-3.8024999999999998,-9.441,-0.91525,-0.0615092953783272,4.082633274683823,16.667894455555555,-4.398299999999999,7.74325,-2.158164930264817,0.79,-3.8024999999999998,-9.441,-0.91525,-0.0615092953783272,4.082633274683823,16.667894455555555,-4.398299999999999,7.74325,-2.158164930264817,0.79,-3.8024999999999998,-9.441,-0.91525,-0.0615092953783272,4.082633274683823,16.667894455555555,-0.024900000000000002,0.062,5.541121628149567,0.078,0.006500000000000001,-0.267,0.017750000000000002,-2.1548325462802915,0.09423192429084505,0.008879655555555555,-0.024900000000000002,0.608,5.541121628149567,0.078,0.006500000000000001,-0.267,0.017750000000000002,-2.1548325462802915,0.09423192429084505,0.008879655555555555,-0.024900000000000002,0.07475000000000001,5.541121628149567,0.078,0.006500000000000001,-0.267,0.017750000000000002,-2.1548325462802915,0.09423192429084505,0.008879655555555555,sleep
-MfvP7IQ9IiVvx376WTX,-4.6271,8.480500000000001,-2.38941811652969,-0.204,-4.425000000000001,-9.137,-0.43925000000000003,-0.028120101810448286,4.144587915449362,17.17760898888889,-4.6271,8.480500000000001,-2.38941811652969,-0.204,-4.425000000000001,-9.137,-0.43925000000000003,-0.028120101810448286,4.144587915449362,17.17760898888889,-4.6271,8.480500000000001,-2.38941811652969,-0.204,-4.425000000000001,-9.137,-0.43925000000000003,-0.028120101810448286,4.144587915449362,17.17760898888889,0.032100000000000004,0.17425000000000002,4.020893958101085,0.544,-0.013,-0.167,0.06775,1.9406664517069234,0.20851669264380518,0.04347921111111112,0.032100000000000004,0.8055,4.020893958101085,0.544,-0.013,-0.167,0.06775,1.9406664517069234,0.20851669264380518,0.04347921111111112,0.032100000000000004,0.10425,4.020893958101085,0.544,-0.013,-0.167,0.06775,1.9406664517069234,0.20851669264380518,0.04347921111111112,sleep
-MfvP9j0pnZ3DKBzFI8z,-4.364636363636364,7.513,-2.0753651723769146,-0.027,-1.633,-8.957,-1.298,-0.3223532657713247,3.7261609002491363,13.884275054545455,-4.364636363636364,7.513,-2.0753651723769146,-0.027,-1.633,-8.957,-1.298,-0.3223532657713247,3.7261609002491363,13.884275054545455,-4.364636363636364,7.513,-2.0753651723769146,-0.027,-1.633,-8.957,-1.298,-0.3223532657713247,3.7261609002491363,13.884275054545455,-0.008300000000000002,0.08925,0.7321318554915974,0.142,-0.0115,-0.126,0.026,0.5198398625832502,0.07629191015799483,0.005820455555555555,-0.008300000000000002,0.58375,0.7321318554915974,0.142,-0.0115,-0.126,0.026,0.5198398625832502,0.07629191015799483,0.005820455555555555,-0.008300000000000002,0.0645,0.7321318554915974,0.142,-0.0115,-0.126,0.026,0.5198398625832502,0.07629191015799483,0.005820455555555555,sleep
-MfvPCPyA8D4PuOAbTKQ,-2.455,4.850999999999999,0.21401418293286412,0.122,-0.665,-8.859,-0.5295000000000001,-1.3186776210890285,3.224008409142604,10.394230222222223,-2.455,4.850999999999999,0.21401418293286412,0.122,-0.665,-8.859,-0.5295000000000001,-1.3186776210890285,3.224008409142604,10.394230222222223,-2.455,4.850999999999999,0.21401418293286412,0.122,-0.665,-8.859,-0.5295000000000001,-1.3186776210890285,3.224008409142604,10.394230222222223,-0.016600000000000004,0.07550000000000001,2.5852541837243406,0.19,-0.0175,-0.281,0.025500000000000002,-0.5809560982402524,0.12190269343483215,0.014860266666666668,-0.016600000000000004,0.7945,2.5852541837243406,0.19,-0.0175,-0.281,0.025500000000000002,-0.5809560982402524,0.12190269343483215,0.014860266666666668,-0.016600000000000004,0.07075000000000001,2.5852541837243406,0.19,-0.0175,-0.281,0.025500000000000002,-0.5809560982402524,0.12190269343483215,0.014860266666666668,sleep
-MfvPEg8SAaTzy98L9bb,-3.9998999999999993,7.68175,-2.052125784936532,-0.695,-1.5135,-9.24,-0.8525,-0.5317419965283594,3.8335756575581263,14.696302322222222,-3.9998999999999993,7.68175,-2.052125784936532,-0.695,-1.5135,-9.24,-0.8525,-0.5317419965283594,3.8335756575581263,14.696302322222222,-3.9998999999999993,7.68175,-2.052125784936532,-0.695,-1.5135,-9.24,-0.8525,-0.5317419965283594,3.8335756575581263,14.696302322222222,-0.023300000000000005,0.11925000000000001,4.5382377737608754,0.247,0.0165,-0.475,0.04725,-1.5851351162219192,0.18452705312049322,0.034050233333333325,-0.023300000000000005,0.7164999999999999,4.5382377737608754,0.247,0.0165,-0.475,0.04725,-1.5851351162219192,0.18452705312049322,0.034050233333333325,-0.023300000000000005,0.0395,4.5382377737608754,0.247,0.0165,-0.475,0.04725,-1.5851351162219192,0.18452705312049322,0.034050233333333325,sleep
-MfvPGyKB_fAcP2Xzd4Z,-2.8309,6.6762500000000005,-0.7717204789907472,-0.235,-0.736,-8.873,-0.42725,-1.1238161534828917,3.680032984453627,13.542642766666667,-2.8309,6.6762500000000005,-0.7717204789907472,-0.235,-0.736,-8.873,-0.42725,-1.1238161534828917,3.680032984453627,13.542642766666667,-2.8309,6.6762500000000005,-0.7717204789907472,-0.235,-0.736,-8.873,-0.42725,-1.1238161534828917,3.680032984453627,13.542642766666667,0.022900000000000004,0.193,2.373252936328357,0.179,0.0395,-0.314,0.165,-1.3245191258286624,0.14740756048754383,0.021728988888888894,0.022900000000000004,1.009,2.373252936328357,0.179,0.0395,-0.314,0.165,-1.3245191258286624,0.14740756048754383,0.021728988888888894,0.022900000000000004,0.08725000000000001,2.373252936328357,0.179,0.0395,-0.314,0.165,-1.3245191258286624,0.14740756048754383,0.021728988888888894,sleep
-MfvPJ7e-4ayR-xW2iCS,-4.641100000000001,8.3105,-2.2669815672866127,-0.429,-3.9905,-9.652,-0.50425,-0.11707190237363098,4.0572699756801445,16.46143965555556,-4.641100000000001,8.3105,-2.2669815672866127,-0.429,-3.9905,-9.652,-0.50425,-0.11707190237363098,4.0572699756801445,16.46143965555556,-4.641100000000001,8.3105,-2.2669815672866127,-0.429,-3.9905,-9.652,-0.50425,-0.11707190237363098,4.0572699756801445,16.46143965555556,0.10090000000000002,0.14475000000000002,0.8181164097957296,0.333,0.057499999999999996,0.002,0.15450000000000003,1.3797039516704053,0.11474750057795984,0.013166988888888892,0.10090000000000002,0.8324999999999999,0.8181164097957296,0.333,0.057499999999999996,0.002,0.15450000000000003,1.3797039516704053,0.11474750057795984,0.013166988888888892,0.10090000000000002,0.08900000000000001,0.8181164097957296,0.333,0.057499999999999996,0.002,0.15450000000000003,1.3797039516704053,0.11474750057795984,0.013166988888888892,sleep
-MfvPmyg91fMzcnxT6Wf,-5.925818181818183,9.486,-1.8636852495711769,0.636,-8.695,-10.865,-0.773,0.4598688439655631,4.773234497029908,22.783767563636363,-5.925818181818183,9.486,-1.8636852495711769,0.636,-8.695,-10.865,-0.773,0.4598688439655631,4.773234497029908,22.783767563636363,-5.925818181818183,9.486,-1.8636852495711769,0.636,-8.695,-10.865,-0.773,0.4598688439655631,4.773234497029908,22.783767563636363,0.02770000000000001,0.63425,0.07313409048350294,0.751,0.0685,-0.636,0.32825000000000004,0.04174012015711742,0.40359799856347706,0.16289134444444442,0.02770000000000001,1.6515,0.07313409048350294,0.751,0.0685,-0.636,0.32825000000000004,0.04174012015711742,0.40359799856347706,0.16289134444444442,0.02770000000000001,0.49275,0.07313409048350294,0.751,0.0685,-0.636,0.32825000000000004,0.04174012015711742,0.40359799856347706,0.16289134444444442,sleep
-MfvPqMvTD6ZirsmYHWO,-4.499181818181818,8.38,-0.9273401647100297,3.662,-5.467,-9.107,-0.228,0.6217388966727897,4.38403484972877,19.21976156363636,-4.499181818181818,8.38,-0.9273401647100297,3.662,-5.467,-9.107,-0.228,0.6217388966727897,4.38403484972877,19.21976156363636,-4.499181818181818,8.38,-0.9273401647100297,3.662,-5.467,-9.107,-0.228,0.6217388966727897,4.38403484972877,19.21976156363636,0.05180000000000001,0.11275,6.998526155832933,0.558,0.028499999999999998,-0.12,0.06325,2.4367672866543177,0.18967973007150765,0.03597840000000001,0.05180000000000001,0.5207499999999999,6.998526155832933,0.558,0.028499999999999998,-0.12,0.06325,2.4367672866543177,0.18967973007150765,0.03597840000000001,0.05180000000000001,0.30874999999999997,6.998526155832933,0.558,0.028499999999999998,-0.12,0.06325,2.4367672866543177,0.18967973007150765,0.03597840000000001,sleep
-MfvPt8NHgJzE1cQJyih,-4.430545454545454,8.643999999999998,-2.075064684326695,0.291,-3.776,-9.881,-0.367,-0.15355268825007473,4.196754635754546,17.612749472727273,-4.430545454545454,8.643999999999998,-2.075064684326695,0.291,-3.776,-9.881,-0.367,-0.15355268825007473,4.196754635754546,17.612749472727273,-4.430545454545454,8.643999999999998,-2.075064684326695,0.291,-3.776,-9.881,-0.367,-0.15355268825007473,4.196754635754546,17.612749472727273,-0.014800000000000011,0.41074999999999995,0.1710630600113765,0.586,-0.020499999999999997,-0.634,0.175,0.1557913070702594,0.36767038378296274,0.13518151111111112,-0.014800000000000011,0.6912500000000001,0.1710630600113765,0.586,-0.020499999999999997,-0.634,0.175,0.1557913070702594,0.36767038378296274,0.13518151111111112,-0.014800000000000011,0.35475,0.1710630600113765,0.586,-0.020499999999999997,-0.634,0.175,0.1557913070702594,0.36767038378296274,0.13518151111111112,sleep
-MfvPvhVd0gUMiYaLrSm,-5.766636363636364,9.311,-0.14639795043088455,4.491,-7.767,-14.311,0.406,0.6587882895661962,5.532460777497248,30.608122254545453,-5.766636363636364,9.311,-0.14639795043088455,4.491,-7.767,-14.311,0.406,0.6587882895661962,5.532460777497248,30.608122254545453,-5.766636363636364,9.311,-0.14639795043088455,4.491,-7.767,-14.311,0.406,0.6587882895661962,5.532460777497248,30.608122254545453,0.004499999999999995,0.5135,0.21035707084989852,0.724,0.0235,-0.512,0.17975,0.666366334964127,0.3757097727413187,0.14115783333333334,0.004499999999999995,1.0745,0.21035707084989852,0.724,0.0235,-0.512,0.17975,0.666366334964127,0.3757097727413187,0.14115783333333334,0.004499999999999995,0.38825,0.21035707084989852,0.724,0.0235,-0.512,0.17975,0.666366334964127,0.3757097727413187,0.14115783333333334,sleep
-MfvPyU_xIUw8hnEYTho,-5.8482,9.564,-0.6309961916057576,4.017,-8.814499999999999,-10.739,-0.04575000000000001,0.982960455958307,5.299503180068445,28.08473395555556,-5.8482,9.564,-0.6309961916057576,4.017,-8.814499999999999,-10.739,-0.04575000000000001,0.982960455958307,5.299503180068445,28.08473395555556,-5.8482,9.564,-0.6309961916057576,4.017,-8.814499999999999,-10.739,-0.04575000000000001,0.982960455958307,5.299503180068445,28.08473395555556,0.18049999999999997,0.8550000000000001,-0.11549803211223253,1.253,0.155,-0.915,0.6567500000000001,0.05143413851770343,0.6536759730767054,0.4272922777777778,0.18049999999999997,1.13025,-0.11549803211223253,1.253,0.155,-0.915,0.6567500000000001,0.05143413851770343,0.6536759730767054,0.4272922777777778,0.18049999999999997,0.386,-0.11549803211223253,1.253,0.155,-0.915,0.6567500000000001,0.05143413851770343,0.6536759730767054,0.4272922777777778,sleep
-MfvQ03asXo_hV_hMYgx,-6.7036,8.757,-1.004973398620856,0.287,-8.387,-13.152,-0.7422500000000001,0.6486843904001276,4.661611147327594,21.730618488888886,-6.7036,8.757,-1.004973398620856,0.287,-8.387,-13.152,-0.7422500000000001,0.6486843904001276,4.661611147327594,21.730618488888886,-6.7036,8.757,-1.004973398620856,0.287,-8.387,-13.152,-0.7422500000000001,0.6486843904001276,4.661611147327594,21.730618488888886,-0.0397,0.3575,1.0047114949535398,0.482,0.002,-0.682,0.1425,-0.4315200977116674,0.3215341868811672,0.10338423333333334,-0.0397,1.38425,1.0047114949535398,0.482,0.002,-0.682,0.1425,-0.4315200977116674,0.3215341868811672,0.10338423333333334,-0.0397,0.34125000000000005,1.0047114949535398,0.482,0.002,-0.682,0.1425,-0.4315200977116674,0.3215341868811672,0.10338423333333334,sleep
-MfvQ2h_cDqpRjljiSRD,-5.3205,9.165249999999999,-0.935775594338562,2.894,-6.8325000000000005,-10.279,-0.22375,0.8178090219685219,4.8650558578499385,23.6687685,-5.3205,9.165249999999999,-0.935775594338562,2.894,-6.8325000000000005,-10.279,-0.22375,0.8178090219685219,4.8650558578499385,23.6687685,-5.3205,9.165249999999999,-0.935775594338562,2.894,-6.8325000000000005,-10.279,-0.22375,0.8178090219685219,4.8650558578499385,23.6687685,-0.0376,0.5135000000000001,0.2332582316233145,0.646,0.0235,-0.81,0.22925,-0.4139345660003266,0.4264992379829066,0.1819016,-0.0376,1.06075,0.2332582316233145,0.646,0.0235,-0.81,0.22925,-0.4139345660003266,0.4264992379829066,0.1819016,-0.0376,0.215,0.2332582316233145,0.646,0.0235,-0.81,0.22925,-0.4139345660003266,0.4264992379829066,0.1819016,sleep
-MfvQ5Yg4UmR4s9gPNwj,-4.7376,9.858999999999998,-1.875861388466515,1.891,-6.4125,-10.511,0.9834999999999999,0.3108029926934462,4.907877957370624,24.087266044444448,-4.7376,9.858999999999998,-1.875861388466515,1.891,-6.4125,-10.511,0.9834999999999999,0.3108029926934462,4.907877957370624,24.087266044444448,-4.7376,9.858999999999998,-1.875861388466515,1.891,-6.4125,-10.511,0.9834999999999999,0.3108029926934462,4.907877957370624,24.087266044444448,0.047,0.33775,1.342993124663975,0.64,-0.003999999999999997,-0.374,0.21125,0.8579139380375297,0.281456923880014,0.079218,0.047,0.8532500000000001,1.342993124663975,0.64,-0.003999999999999997,-0.374,0.21125,0.8579139380375297,0.281456923880014,0.079218,0.047,0.47175,1.342993124663975,0.64,-0.003999999999999997,-0.374,0.21125,0.8579139380375297,0.281456923880014,0.079218,sleep
-MfvQ8DyH_Q7jZ6nzKIQ,-5.425699999999999,9.076500000000001,-1.1457728467625947,1.517,-6.778499999999999,-9.675,-0.022999999999999993,0.8347100636178865,4.274278679886623,18.269458233333335,-5.425699999999999,9.076500000000001,-1.1457728467625947,1.517,-6.778499999999999,-9.675,-0.022999999999999993,0.8347100636178865,4.274278679886623,18.269458233333335,-5.425699999999999,9.076500000000001,-1.1457728467625947,1.517,-6.778499999999999,-9.675,-0.022999999999999993,0.8347100636178865,4.274278679886623,18.269458233333335,0.1045,0.664,-0.0915132938219072,0.631,0.028999999999999998,-0.618,0.5547500000000001,-0.19525809987294526,0.3883049345839198,0.15078072222222225,0.1045,1.4365,-0.0915132938219072,0.631,0.028999999999999998,-0.618,0.5547500000000001,-0.19525809987294526,0.3883049345839198,0.15078072222222225,0.1045,0.43025,-0.0915132938219072,0.631,0.028999999999999998,-0.618,0.5547500000000001,-0.19525809987294526,0.3883049345839198,0.15078072222222225,sleep
-MfvQAuXOYoumAS6Gu0R,-4.675199999999999,8.52,-1.564398859542338,1.862,-5.6875,-12.436,0.2585,-0.04756096053609034,4.957865598106597,24.58043128888889,-4.675199999999999,8.52,-1.564398859542338,1.862,-5.6875,-12.436,0.2585,-0.04756096053609034,4.957865598106597,24.58043128888889,-4.675199999999999,8.52,-1.564398859542338,1.862,-5.6875,-12.436,0.2585,-0.04756096053609034,4.957865598106597,24.58043128888889,-0.02449999999999998,0.5417500000000001,3.6266813547569168,0.717,-0.038000000000000006,-1.408,0.38225000000000003,-1.43617885836762,0.5789310551928154,0.3351611666666667,-0.02449999999999998,0.85475,3.6266813547569168,0.717,-0.038000000000000006,-1.408,0.38225000000000003,-1.43617885836762,0.5789310551928154,0.3351611666666667,-0.02449999999999998,0.34324999999999994,3.6266813547569168,0.717,-0.038000000000000006,-1.408,0.38225000000000003,-1.43617885836762,0.5789310551928154,0.3351611666666667,sleep
-MfvQGcKE8in28hmG52_,-6.381700000000001,7.74925,-1.18292603161315,-0.148,-8.254,-9.699,-1.90875,0.8209007628307236,3.9688045233350113,15.751409344444445,-6.381700000000001,7.74925,-1.18292603161315,-0.148,-8.254,-9.699,-1.90875,0.8209007628307236,3.9688045233350113,15.751409344444445,-6.381700000000001,7.74925,-1.18292603161315,-0.148,-8.254,-9.699,-1.90875,0.8209007628307236,3.9688045233350113,15.751409344444445,0.1714,0.20950000000000002,8.484974981165735,1.328,0.0175,-0.08,0.192,2.852995658456462,0.4182769417503193,0.17495560000000002,0.1714,0.59725,8.484974981165735,1.328,0.0175,-0.08,0.192,2.852995658456462,0.4182769417503193,0.17495560000000002,0.1714,0.08175,8.484974981165735,1.328,0.0175,-0.08,0.192,2.852995658456462,0.4182769417503193,0.17495560000000002,sleep
-MfvQJZtUPvJiT2pc_2r,-5.927300000000001,7.578749999999999,-0.6035888134575278,3.01,-7.616499999999999,-10.351,-2.3674999999999997,0.7287017370602531,4.665387706885201,21.765842455555557,-5.927300000000001,7.578749999999999,-0.6035888134575278,3.01,-7.616499999999999,-10.351,-2.3674999999999997,0.7287017370602531,4.665387706885201,21.765842455555557,-5.927300000000001,7.578749999999999,-0.6035888134575278,3.01,-7.616499999999999,-10.351,-2.3674999999999997,0.7287017370602531,4.665387706885201,21.765842455555557,-0.00819999999999999,0.51725,-0.21393229956979454,0.393,-0.0115,-0.574,0.31025,-0.5077531627728475,0.30779639735094727,0.09473862222222224,-0.00819999999999999,0.8225,-0.21393229956979454,0.393,-0.0115,-0.574,0.31025,-0.5077531627728475,0.30779639735094727,0.09473862222222224,-0.00819999999999999,0.2455,-0.21393229956979454,0.393,-0.0115,-0.574,0.31025,-0.5077531627728475,0.30779639735094727,0.09473862222222224,sleep
-MfvQM9nP4WEB7ATDOyQ,-5.458399999999999,6.414750000000001,-1.843197066460192,-2.347,-3.5545,-10.238,-2.5445,-0.5472441859492345,3.2741463416693315,10.720034266666666,-5.458399999999999,6.414750000000001,-1.843197066460192,-2.347,-3.5545,-10.238,-2.5445,-0.5472441859492345,3.2741463416693315,10.720034266666666,-5.458399999999999,6.414750000000001,-1.843197066460192,-2.347,-3.5545,-10.238,-2.5445,-0.5472441859492345,3.2741463416693315,10.720034266666666,-0.05820000000000001,0.199,4.501866433846845,0.477,-0.0045000000000000005,-0.854,0.0655,-1.3370122150392805,0.33061888095576825,0.10930884444444444,-0.05820000000000001,0.62625,4.501866433846845,0.477,-0.0045000000000000005,-0.854,0.0655,-1.3370122150392805,0.33061888095576825,0.10930884444444444,-0.05820000000000001,0.1365,4.501866433846845,0.477,-0.0045000000000000005,-0.854,0.0655,-1.3370122150392805,0.33061888095576825,0.10930884444444444,sleep
-MfvQPMdoGwTe0eS5bU3,-4.8978,8.105250000000002,-2.3640040010039787,-0.886,-3.9139999999999997,-9.481,-1.177,-0.12723641920205747,4.034227966896379,16.274995288888892,-4.8978,8.105250000000002,-2.3640040010039787,-0.886,-3.9139999999999997,-9.481,-1.177,-0.12723641920205747,4.034227966896379,16.274995288888892,-4.8978,8.105250000000002,-2.3640040010039787,-0.886,-3.9139999999999997,-9.481,-1.177,-0.12723641920205747,4.034227966896379,16.274995288888892,0.0098,0.07925,1.3594815928819353,0.18,0.0015,-0.15,0.047,0.27888156166755745,0.08855230720377144,0.00784151111111111,0.0098,0.638,1.3594815928819353,0.18,0.0015,-0.15,0.047,0.27888156166755745,0.08855230720377144,0.00784151111111111,0.0098,0.16275,1.3594815928819353,0.18,0.0015,-0.15,0.047,0.27888156166755745,0.08855230720377144,0.00784151111111111,sleep
-MfvQRnhWVRDGLVmf8cW,-6.8909,7.18125,-1.5261300571962995,-1.254,-9.1175,-9.754,-2.529,0.7254884884579775,3.5701013508800497,12.745623655555555,-6.8909,7.18125,-1.5261300571962995,-1.254,-9.1175,-9.754,-2.529,0.7254884884579775,3.5701013508800497,12.745623655555555,-6.8909,7.18125,-1.5261300571962995,-1.254,-9.1175,-9.754,-2.529,0.7254884884579775,3.5701013508800497,12.745623655555555,-0.04529999999999999,0.05675,6.179609990736677,0.063,-0.019,-0.304,0.0032500000000000003,-2.2617624591522283,0.09903203746487518,0.009807344444444442,-0.04529999999999999,0.5047499999999999,6.179609990736677,0.063,-0.019,-0.304,0.0032500000000000003,-2.2617624591522283,0.09903203746487518,0.009807344444444442,-0.04529999999999999,0.12125000000000001,6.179609990736677,0.063,-0.019,-0.304,0.0032500000000000003,-2.2617624591522283,0.09903203746487518,0.009807344444444442,sleep
-MfvQUGrJ_gs9lQj8bq-,-6.3632727272727285,7.625,-2.008348319966982,-0.965,-8.564,-9.877,-2.105,0.4001299042433257,3.8294484744127084,14.664675618181821,-6.3632727272727285,7.625,-2.008348319966982,-0.965,-8.564,-9.877,-2.105,0.4001299042433257,3.8294484744127084,14.664675618181821,-6.3632727272727285,7.625,-2.008348319966982,-0.965,-8.564,-9.877,-2.105,0.4001299042433257,3.8294484744127084,14.664675618181821,-0.0122,0.15325,4.635574147573055,0.304,0.026000000000000002,-0.669,0.11325,-1.8344227308722618,0.2639531945040425,0.06967128888888889,-0.0122,0.60975,4.635574147573055,0.304,0.026000000000000002,-0.669,0.11325,-1.8344227308722618,0.2639531945040425,0.06967128888888889,-0.0122,0.0945,4.635574147573055,0.304,0.026000000000000002,-0.669,0.11325,-1.8344227308722618,0.2639531945040425,0.06967128888888889,sleep
-MfvQWW4gf_nYm9LodkT,-7.505799999999999,7.098,-1.2803463014981835,-2.184,-9.7555,-10.432,-2.88525,0.9120345021737951,3.5375398168155727,12.514187955555556,-7.505799999999999,7.098,-1.2803463014981835,-2.184,-9.7555,-10.432,-2.88525,0.9120345021737951,3.5375398168155727,12.514187955555556,-7.505799999999999,7.098,-1.2803463014981835,-2.184,-9.7555,-10.432,-2.88525,0.9120345021737951,3.5375398168155727,12.514187955555556,0.082,0.15025,6.587133420104499,0.635,0.020499999999999997,-0.133,0.13325,2.36847773451849,0.2092457353873139,0.04378377777777778,0.082,0.318,6.587133420104499,0.635,0.020499999999999997,-0.133,0.13325,2.36847773451849,0.2092457353873139,0.04378377777777778,0.082,0.13474999999999998,6.587133420104499,0.635,0.020499999999999997,-0.133,0.13325,2.36847773451849,0.2092457353873139,0.04378377777777778,sleep
-MfvQYj5waT_90jd3y60,-6.915999999999999,7.985750000000001,-1.3856641842920956,-0.684,-9.6155,-9.874,-1.84625,0.8399756122617357,3.930654963799856,15.450048444444446,-6.915999999999999,7.985750000000001,-1.3856641842920956,-0.684,-9.6155,-9.874,-1.84625,0.8399756122617357,3.930654963799856,15.450048444444446,-6.915999999999999,7.985750000000001,-1.3856641842920956,-0.684,-9.6155,-9.874,-1.84625,0.8399756122617357,3.930654963799856,15.450048444444446,0.017400000000000002,0.0975,4.577897188114705,0.324,0.0045,-0.136,0.0415,1.803238307313271,0.12346497479042384,0.015243599999999996,0.017400000000000002,0.44075,4.577897188114705,0.324,0.0045,-0.136,0.0415,1.803238307313271,0.12346497479042384,0.015243599999999996,0.017400000000000002,0.05450000000000001,4.577897188114705,0.324,0.0045,-0.136,0.0415,1.803238307313271,0.12346497479042384,0.015243599999999996,sleep
-MfvQa9uFNdCgSaTT-wu,-6.299000000000001,7.709499999999999,-1.7834441438487123,-0.996,-7.291500000000001,-9.922,-2.056,0.42139725220364843,3.749193809637243,14.056454222222223,-6.299000000000001,7.709499999999999,-1.7834441438487123,-0.996,-7.291500000000001,-9.922,-2.056,0.42139725220364843,3.749193809637243,14.056454222222223,-6.299000000000001,7.709499999999999,-1.7834441438487123,-0.996,-7.291500000000001,-9.922,-2.056,0.42139725220364843,3.749193809637243,14.056454222222223,-0.057699999999999994,0.20450000000000002,4.548965261340839,0.159,0.0024999999999999996,-0.599,0.07575,-1.997039242699547,0.21650098793718647,0.04687267777777777,-0.057699999999999994,0.5029999999999999,4.548965261340839,0.159,0.0024999999999999996,-0.599,0.07575,-1.997039242699547,0.21650098793718647,0.04687267777777777,-0.057699999999999994,0.10425,4.548965261340839,0.159,0.0024999999999999996,-0.599,0.07575,-1.997039242699547,0.21650098793718647,0.04687267777777777,sleep
-MfvQc2bhMwkIV3ewsH7,-6.7277000000000005,5.067749999999998,-0.6142752715702255,-1.64,-6.855499999999999,-9.819,-4.6857500000000005,0.4537711726191808,2.762462068115647,7.631196677777778,-6.7277000000000005,5.067749999999998,-0.6142752715702255,-1.64,-6.855499999999999,-9.819,-4.6857500000000005,0.4537711726191808,2.762462068115647,7.631196677777778,-6.7277000000000005,5.067749999999998,-0.6142752715702255,-1.64,-6.855499999999999,-9.819,-4.6857500000000005,0.4537711726191808,2.762462068115647,7.631196677777778,0.0399,0.37024999999999997,1.3396876426226791,0.443,0.041999999999999996,-0.632,0.312,-1.0011311186795093,0.31501761855489924,0.0992361,0.0399,0.52875,1.3396876426226791,0.443,0.041999999999999996,-0.632,0.312,-1.0011311186795093,0.31501761855489924,0.0992361,0.0399,0.30224999999999996,1.3396876426226791,0.443,0.041999999999999996,-0.632,0.312,-1.0011311186795093,0.31501761855489924,0.0992361,sleep
-MfvS_iTD_c8GRaIMAS5,-7.3026,4.077,0.8662635453198284,0.603,-8.741,-11.819,-5.4465,1.383199256957028,4.058136030795967,16.468468044444446,-7.3026,4.077,0.8662635453198284,0.603,-8.741,-11.819,-5.4465,1.383199256957028,4.058136030795967,16.468468044444446,-7.3026,4.077,0.8662635453198284,0.603,-8.741,-11.819,-5.4465,1.383199256957028,4.058136030795967,16.468468044444446,0.000999999999999994,0.649,0.04306954802714724,0.89,-0.0805,-0.676,0.2865,0.8021708761099745,0.49356413519982956,0.2436055555555556,0.000999999999999994,1.0365,0.04306954802714724,0.89,-0.0805,-0.676,0.2865,0.8021708761099745,0.49356413519982956,0.2436055555555556,0.000999999999999994,0.4325,0.04306954802714724,0.89,-0.0805,-0.676,0.2865,0.8021708761099745,0.49356413519982956,0.2436055555555556,sleep
-MfvScPu3pJE7C_pkFaZ,-6.819399999999999,8.248,-0.9621526560038682,0.558,-8.998999999999999,-12.111,-1.6887500000000002,0.822277891824857,4.5188659393455985,20.42014937777778,-6.819399999999999,8.248,-0.9621526560038682,0.558,-8.998999999999999,-12.111,-1.6887500000000002,0.822277891824857,4.5188659393455985,20.42014937777778,-6.819399999999999,8.248,-0.9621526560038682,0.558,-8.998999999999999,-12.111,-1.6887500000000002,0.822277891824857,4.5188659393455985,20.42014937777778,0.055200000000000006,0.32625000000000004,0.5115264139944244,0.374,0.08399999999999999,-0.431,0.24350000000000002,-0.8026462038293318,0.24010081216022575,0.05764840000000001,0.055200000000000006,0.94975,0.5115264139944244,0.374,0.08399999999999999,-0.431,0.24350000000000002,-0.8026462038293318,0.24010081216022575,0.05764840000000001,0.055200000000000006,0.33825000000000005,0.5115264139944244,0.374,0.08399999999999999,-0.431,0.24350000000000002,-0.8026462038293318,0.24010081216022575,0.05764840000000001,sleep
-MfvSfMQf8zqKjY_xuzF,-8.372,2.460000000000001,7.06451150226404,3.329,-9.707,-12.221,-8.128,2.538149355927121,4.575431591664332,20.934574250000004,-8.372,2.460000000000001,7.06451150226404,3.329,-9.707,-12.221,-8.128,2.538149355927121,4.575431591664332,20.934574250000004,-8.372,2.460000000000001,7.06451150226404,3.329,-9.707,-12.221,-8.128,2.538149355927121,4.575431591664332,20.934574250000004,0.0523,0.646,-1.2660450707064776,0.562,0.15150000000000002,-0.448,0.309,-0.29554883919947844,0.3470683730269233,0.12045645555555555,0.0523,1.043,-1.2660450707064776,0.562,0.15150000000000002,-0.448,0.309,-0.29554883919947844,0.3470683730269233,0.12045645555555555,0.0523,0.47950000000000004,-1.2660450707064776,0.562,0.15150000000000002,-0.448,0.309,-0.29554883919947844,0.3470683730269233,0.12045645555555555,sleep
-MfvShwre8YHwDSMDuDM,-7.0573,6.307249999999999,0.008815013838372465,0.766,-8.424,-13.448,-3.5817500000000004,0.8443103944967644,4.5935498751570725,21.100700455555558,-7.0573,6.307249999999999,0.008815013838372465,0.766,-8.424,-13.448,-3.5817500000000004,0.8443103944967644,4.5935498751570725,21.100700455555558,-7.0573,6.307249999999999,0.008815013838372465,0.766,-8.424,-13.448,-3.5817500000000004,0.8443103944967644,4.5935498751570725,21.100700455555558,0.18549999999999994,0.76975,-1.0972266335053709,0.855,0.0335,-0.268,0.59475,0.6154475710362167,0.39495576404903315,0.15599005555555556,0.18549999999999994,0.833,-1.0972266335053709,0.855,0.0335,-0.268,0.59475,0.6154475710362167,0.39495576404903315,0.15599005555555556,0.18549999999999994,0.60275,-1.0972266335053709,0.855,0.0335,-0.268,0.59475,0.6154475710362167,0.39495576404903315,0.15599005555555556,sleep
-MfvSkavWMwJROmFCnT_,-5.6229000000000005,8.9865,-1.1476973698847566,1.762,-7.345,-9.553,-0.314,0.8202025059372183,4.389466797535512,19.267418766666665,-5.6229000000000005,8.9865,-1.1476973698847566,1.762,-7.345,-9.553,-0.314,0.8202025059372183,4.389466797535512,19.267418766666665,-5.6229000000000005,8.9865,-1.1476973698847566,1.762,-7.345,-9.553,-0.314,0.8202025059372183,4.389466797535512,19.267418766666665,0.18200000000000002,0.5005000000000001,-0.20459168850191034,0.773,0.14100000000000001,-0.226,0.402,0.7904691469468856,0.32944498782042503,0.10853399999999999,0.18200000000000002,0.986,-0.20459168850191034,0.773,0.14100000000000001,-0.226,0.402,0.7904691469468856,0.32944498782042503,0.10853399999999999,0.18200000000000002,0.20825,-0.20459168850191034,0.773,0.14100000000000001,-0.226,0.402,0.7904691469468856,0.32944498782042503,0.10853399999999999,sleep
-MfvSnFbvaPLs_ktIxvN,-6.717299999999999,8.4935,-1.3731420161210646,-0.488,-8.455,-12.296,-1.256,0.5385820905760008,4.311891594442307,18.59240912222222,-6.717299999999999,8.4935,-1.3731420161210646,-0.488,-8.455,-12.296,-1.256,0.5385820905760008,4.311891594442307,18.59240912222222,-6.717299999999999,8.4935,-1.3731420161210646,-0.488,-8.455,-12.296,-1.256,0.5385820905760008,4.311891594442307,18.59240912222222,-0.05350000000000003,0.44925000000000004,1.502059397559945,0.77,-0.0365,-0.626,0.11975,0.7801579739472897,0.3857613683786045,0.14881183333333337,-0.05350000000000003,1.0059999999999998,1.502059397559945,0.77,-0.0365,-0.626,0.11975,0.7801579739472897,0.3857613683786045,0.14881183333333337,-0.05350000000000003,0.37575000000000003,1.502059397559945,0.77,-0.0365,-0.626,0.11975,0.7801579739472897,0.3857613683786045,0.14881183333333337,sleep
-MfvSpxnXjxigoQJmajS,-6.0375000000000005,9.79725,-2.137092223217538,1.008,-9.288499999999999,-11.771,-0.2535,0.43511599441011123,5.315722721846537,28.256908055555556,-6.0375000000000005,9.79725,-2.137092223217538,1.008,-9.288499999999999,-11.771,-0.2535,0.43511599441011123,5.315722721846537,28.256908055555556,-6.0375000000000005,9.79725,-2.137092223217538,1.008,-9.288499999999999,-11.771,-0.2535,0.43511599441011123,5.315722721846537,28.256908055555556,0.07029999999999999,0.6455,-0.2921891782530608,0.839,0.0885,-0.433,0.35325,0.5296616016598394,0.40804385657535497,0.16649978888888886,0.07029999999999999,1.0505,-0.2921891782530608,0.839,0.0885,-0.433,0.35325,0.5296616016598394,0.40804385657535497,0.16649978888888886,0.07029999999999999,0.43474999999999997,-0.2921891782530608,0.839,0.0885,-0.433,0.35325,0.5296616016598394,0.40804385657535497,0.16649978888888886,sleep
-MfvSsa5c5DeWT-DBhzy,-6.8063,5.032,0.9149700958364582,3.369,-8.7375,-13.036,-4.4665,1.2693220225249018,5.072397856153548,25.72922001111111,-6.8063,5.032,0.9149700958364582,3.369,-8.7375,-13.036,-4.4665,1.2693220225249018,5.072397856153548,25.72922001111111,-6.8063,5.032,0.9149700958364582,3.369,-8.7375,-13.036,-4.4665,1.2693220225249018,5.072397856153548,25.72922001111111,0.010599999999999997,0.2965,3.2087842764434384,0.71,-0.015,-0.316,0.10550000000000001,1.5584730524281478,0.2946331806010842,0.08680871111111109,0.010599999999999997,0.977,3.2087842764434384,0.71,-0.015,-0.316,0.10550000000000001,1.5584730524281478,0.2946331806010842,0.08680871111111109,0.010599999999999997,0.188,3.2087842764434384,0.71,-0.015,-0.316,0.10550000000000001,1.5584730524281478,0.2946331806010842,0.08680871111111109,sleep
-MfvSvNuEb1DpugNuDm2,-5.188000000000001,10.53225,-1.4506841834612847,4.641,-8.4395,-10.806,0.8332499999999999,0.6396086136576492,5.825713270588514,33.938935111111114,-5.188000000000001,10.53225,-1.4506841834612847,4.641,-8.4395,-10.806,0.8332499999999999,0.6396086136576492,5.825713270588514,33.938935111111114,-5.188000000000001,10.53225,-1.4506841834612847,4.641,-8.4395,-10.806,0.8332499999999999,0.6396086136576492,5.825713270588514,33.938935111111114,0.04959999999999999,0.2945,4.126160931306965,0.379,0.0865,-0.667,0.242,-1.7813529773140697,0.29151489384478,0.08498093333333336,0.04959999999999999,1.54425,4.126160931306965,0.379,0.0865,-0.667,0.242,-1.7813529773140697,0.29151489384478,0.08498093333333336,0.04959999999999999,0.20500000000000002,4.126160931306965,0.379,0.0865,-0.667,0.242,-1.7813529773140697,0.29151489384478,0.08498093333333336,sleep
-MfvSy2XkJqcPZr2ksIX,-7.093999999999999,5.097250000000001,0.3058063021969808,0.526,-8.900500000000001,-10.767,-4.55875,1.1852320380361245,3.8883275467880933,15.11909111111111,-7.093999999999999,5.097250000000001,0.3058063021969808,0.526,-8.900500000000001,-10.767,-4.55875,1.1852320380361245,3.8883275467880933,15.11909111111111,-7.093999999999999,5.097250000000001,0.3058063021969808,0.526,-8.900500000000001,-10.767,-4.55875,1.1852320380361245,3.8883275467880933,15.11909111111111,-0.0595,0.537,1.774694338526869,0.303,0.062,-0.915,0.24025,-1.3814873637533835,0.3817617785420059,0.14574205555555556,-0.0595,1.95275,1.774694338526869,0.303,0.062,-0.915,0.24025,-1.3814873637533835,0.3817617785420059,0.14574205555555556,-0.0595,0.5205000000000001,1.774694338526869,0.303,0.062,-0.915,0.24025,-1.3814873637533835,0.3817617785420059,0.14574205555555556,sleep
